Project,Package,Class,NOF,NOPF,NOM,NOPM,LOC,WMC,NC,DIT,LCOM,Fan-In,Fan-Out,File,Line no
google-java-format,com.google.googlejavaformat.java,JavaFormatterBase,2,0,8,3,90,20,2,0,0.25,0,3,/data/henrique/multiagent_refactoring/project/data/repositories/google-java-format/eclipse_plugin/src/com/google/googlejavaformat/java/JavaFormatterBase.java,30
google-java-format,com.google.googlejavaformat.java,AospJavaFormatter,0,0,1,1,8,1,0,1,-1.0,0,1,/data/henrique/multiagent_refactoring/project/data/repositories/google-java-format/eclipse_plugin/src/com/google/googlejavaformat/java/AospJavaFormatter.java,17
google-java-format,com.google.googlejavaformat.java,GoogleJavaFormatter,0,0,1,1,8,1,0,1,-1.0,0,1,/data/henrique/multiagent_refactoring/project/data/repositories/google-java-format/eclipse_plugin/src/com/google/googlejavaformat/java/GoogleJavaFormatter.java,17
google-java-format,com.google.googlejavaformat.java,Formatter,3,1,10,8,128,14,0,0,0.4,18,14,/data/henrique/multiagent_refactoring/project/data/repositories/google-java-format/core/src/main/java/com/google/googlejavaformat/java/Formatter.java,41
google-java-format,com.google.googlejavaformat.java,UsageException,4,0,5,0,33,6,0,0,0.0,6,1,/data/henrique/multiagent_refactoring/project/data/repositories/google-java-format/core/src/main/java/com/google/googlejavaformat/java/UsageException.java,21
google-java-format,com.google.googlejavaformat.java,JavaInputAstVisitor,17,0,167,75,3233,560,0,0,0.03592814371257485,6,21,/data/henrique/multiagent_refactoring/project/data/repositories/google-java-format/core/src/main/java/com/google/googlejavaformat/java/JavaInputAstVisitor.java,177
google-java-format,com.google.googlejavaformat.java,JavaInputAstVisitor.Direction,0,0,0,0,7,0,0,0,-1.0,1,0,/data/henrique/multiagent_refactoring/project/data/repositories/google-java-format/core/src/main/java/com/google/googlejavaformat/java/JavaInputAstVisitor.java,183
google-java-format,com.google.googlejavaformat.java,JavaInputAstVisitor.BreakOrNot,0,0,0,0,7,0,0,0,-1.0,1,0,/data/henrique/multiagent_refactoring/project/data/repositories/google-java-format/core/src/main/java/com/google/googlejavaformat/java/JavaInputAstVisitor.java,193
google-java-format,com.google.googlejavaformat.java,JavaInputAstVisitor.CollapseEmptyOrNot,0,0,0,0,10,0,0,0,-1.0,1,0,/data/henrique/multiagent_refactoring/project/data/repositories/google-java-format/core/src/main/java/com/google/googlejavaformat/java/JavaInputAstVisitor.java,203
google-java-format,com.google.googlejavaformat.java,JavaInputAstVisitor.AllowLeadingBlankLine,0,0,0,0,7,0,0,0,-1.0,1,0,/data/henrique/multiagent_refactoring/project/data/repositories/google-java-format/core/src/main/java/com/google/googlejavaformat/java/JavaInputAstVisitor.java,217
google-java-format,com.google.googlejavaformat.java,JavaInputAstVisitor.AllowTrailingBlankLine,0,0,0,0,7,0,0,0,-1.0,1,0,/data/henrique/multiagent_refactoring/project/data/repositories/google-java-format/core/src/main/java/com/google/googlejavaformat/java/JavaInputAstVisitor.java,227
google-java-format,com.google.googlejavaformat.java,JavaInputAstVisitor.BracesOrNot,0,0,0,0,7,0,0,0,-1.0,1,0,/data/henrique/multiagent_refactoring/project/data/repositories/google-java-format/core/src/main/java/com/google/googlejavaformat/java/JavaInputAstVisitor.java,237
google-java-format,com.google.googlejavaformat.java,JavaInputAstVisitor.DimensionsOrNot,0,0,0,0,7,0,0,0,-1.0,0,0,/data/henrique/multiagent_refactoring/project/data/repositories/google-java-format/core/src/main/java/com/google/googlejavaformat/java/JavaInputAstVisitor.java,247
google-java-format,com.google.googlejavaformat.java,JavaInputAstVisitor.VarArgsOrNot,0,0,0,0,13,0,0,0,-1.0,0,0,/data/henrique/multiagent_refactoring/project/data/repositories/google-java-format/core/src/main/java/com/google/googlejavaformat/java/JavaInputAstVisitor.java,257
google-java-format,com.google.googlejavaformat.java,JavaInputAstVisitor.ReceiverParameter,0,0,0,0,7,0,0,0,-1.0,0,0,/data/henrique/multiagent_refactoring/project/data/repositories/google-java-format/core/src/main/java/com/google/googlejavaformat/java/JavaInputAstVisitor.java,275
google-java-format,com.google.googlejavaformat.java,JavaInputAstVisitor.FirstDeclarationsOrNot,0,0,0,0,7,0,0,0,-1.0,1,0,/data/henrique/multiagent_refactoring/project/data/repositories/google-java-format/core/src/main/java/com/google/googlejavaformat/java/JavaInputAstVisitor.java,285
google-java-format,com.google.googlejavaformat.java,JavaInputAstVisitor.AnnotationOrModifier,1,0,0,0,32,0,0,0,-1.0,1,1,/data/henrique/multiagent_refactoring/project/data/repositories/google-java-format/core/src/main/java/com/google/googlejavaformat/java/JavaInputAstVisitor.java,2498
google-java-format,com.google.googlejavaformat.java,JavaInputAstVisitor.Kind,0,0,0,0,1,0,0,0,-1.0,1,0,/data/henrique/multiagent_refactoring/project/data/repositories/google-java-format/core/src/main/java/com/google/googlejavaformat/java/JavaInputAstVisitor.java,2501
google-java-format,com.google.googlejavaformat.java,JavaInputAstVisitor.DeclarationModifiersAndTypeAnnotations,0,0,0,0,16,0,0,0,-1.0,1,0,/data/henrique/multiagent_refactoring/project/data/repositories/google-java-format/core/src/main/java/com/google/googlejavaformat/java/JavaInputAstVisitor.java,2544
google-java-format,com.google.googlejavaformat.java,JavaInputAstVisitor.DeclarationKind,0,0,0,0,4,0,0,0,-1.0,1,0,/data/henrique/multiagent_refactoring/project/data/repositories/google-java-format/core/src/main/java/com/google/googlejavaformat/java/JavaInputAstVisitor.java,3620
google-java-format,com.google.googlejavaformat.java,CommandLineOptionsParser,3,0,6,0,127,34,0,0,0.0,2,1,/data/henrique/multiagent_refactoring/project/data/repositories/google-java-format/core/src/main/java/com/google/googlejavaformat/java/CommandLineOptionsParser.java,34
google-java-format,com.google.googlejavaformat.java,TypeNameClassifier,1,0,2,0,126,5,0,0,1.0,2,1,/data/henrique/multiagent_refactoring/project/data/repositories/google-java-format/core/src/main/java/com/google/googlejavaformat/java/TypeNameClassifier.java,21
google-java-format,com.google.googlejavaformat.java,TypeNameClassifier.TyParseState,1,0,0,0,70,0,0,0,-1.0,1,0,/data/henrique/multiagent_refactoring/project/data/repositories/google-java-format/core/src/main/java/com/google/googlejavaformat/java/TypeNameClassifier.java,26
google-java-format,com.google.googlejavaformat.java,TypeNameClassifier.JavaCaseFormat,0,0,0,0,32,0,0,0,-1.0,0,0,/data/henrique/multiagent_refactoring/project/data/repositories/google-java-format/core/src/main/java/com/google/googlejavaformat/java/TypeNameClassifier.java,127
google-java-format,com.google.googlejavaformat.java,FormatFileCallable,4,0,4,2,69,11,0,0,0.0,2,7,/data/henrique/multiagent_refactoring/project/data/repositories/google-java-format/core/src/main/java/com/google/googlejavaformat/java/FormatFileCallable.java,25
google-java-format,com.google.googlejavaformat.java,FormatFileCallable.Result,0,0,0,0,12,0,0,0,-1.0,1,0,/data/henrique/multiagent_refactoring/project/data/repositories/google-java-format/core/src/main/java/com/google/googlejavaformat/java/FormatFileCallable.java,31
google-java-format,com.google.googlejavaformat.java,StringWrapper,9,2,14,1,328,46,0,0,0.14285714285714285,5,4,/data/henrique/multiagent_refactoring/project/data/repositories/google-java-format/core/src/main/java/com/google/googlejavaformat/java/StringWrapper.java,51
google-java-format,com.google.googlejavaformat.java,StringWrapper.Reflower,7,0,0,0,107,0,0,0,-1.0,0,0,/data/henrique/multiagent_refactoring/project/data/repositories/google-java-format/core/src/main/java/com/google/googlejavaformat/java/StringWrapper.java,108
google-java-format,com.google.googlejavaformat.java,StringWrapper.LongStringsAndTextBlockScanner,2,0,0,0,32,0,0,0,-1.0,0,0,/data/henrique/multiagent_refactoring/project/data/repositories/google-java-format/core/src/main/java/com/google/googlejavaformat/java/StringWrapper.java,137
google-java-format,com.google.googlejavaformat.java,SnippetFormatter,5,0,8,4,139,24,0,0,0.25,2,6,/data/henrique/multiagent_refactoring/project/data/repositories/google-java-format/core/src/main/java/com/google/googlejavaformat/java/SnippetFormatter.java,29
google-java-format,com.google.googlejavaformat.java,SnippetFormatter.SnippetKind,0,0,0,0,4,0,0,0,-1.0,1,0,/data/henrique/multiagent_refactoring/project/data/repositories/google-java-format/core/src/main/java/com/google/googlejavaformat/java/SnippetFormatter.java,32
google-java-format,com.google.googlejavaformat.java,SnippetFormatter.SnippetWrapper,2,0,0,0,18,0,0,0,-1.0,1,0,/data/henrique/multiagent_refactoring/project/data/repositories/google-java-format/core/src/main/java/com/google/googlejavaformat/java/SnippetFormatter.java,40
google-java-format,com.google.googlejavaformat.java,ImportOrderer,17,0,17,2,370,54,0,0,0.11764705882352941,4,7,/data/henrique/multiagent_refactoring/project/data/repositories/google-java-format/core/src/main/java/com/google/googlejavaformat/java/ImportOrderer.java,36
google-java-format,com.google.googlejavaformat.java,ImportOrderer.ImportType,0,0,0,0,1,0,0,0,-1.0,1,0,/data/henrique/multiagent_refactoring/project/data/repositories/google-java-format/core/src/main/java/com/google/googlejavaformat/java/ImportOrderer.java,192
google-java-format,com.google.googlejavaformat.java,ImportOrderer.Import,3,0,0,0,77,0,0,0,-1.0,1,0,/data/henrique/multiagent_refactoring/project/data/repositories/google-java-format/core/src/main/java/com/google/googlejavaformat/java/ImportOrderer.java,198
google-java-format,com.google.googlejavaformat.java,ImportOrderer.ImportsAndIndex,2,0,0,0,8,0,0,0,-1.0,1,0,/data/henrique/multiagent_refactoring/project/data/repositories/google-java-format/core/src/main/java/com/google/googlejavaformat/java/ImportOrderer.java,283
google-java-format,com.google.googlejavaformat.java,ImportOrderer.StringAndIndex,2,0,0,0,8,0,0,0,-1.0,1,0,/data/henrique/multiagent_refactoring/project/data/repositories/google-java-format/core/src/main/java/com/google/googlejavaformat/java/ImportOrderer.java,401
google-java-format,com.google.googlejavaformat.java,JavacTokens,9,0,3,1,165,13,0,0,0.6666666666666666,1,2,/data/henrique/multiagent_refactoring/project/data/repositories/google-java-format/core/src/main/java/com/google/googlejavaformat/java/JavacTokens.java,33
google-java-format,com.google.googlejavaformat.java,JavacTokens.RawTok,4,0,0,0,39,0,0,0,-1.0,0,0,/data/henrique/multiagent_refactoring/project/data/repositories/google-java-format/core/src/main/java/com/google/googlejavaformat/java/JavacTokens.java,40
google-java-format,com.google.googlejavaformat.java,JavacTokens.CommentSavingTokenizer,1,0,0,0,34,0,0,0,-1.0,1,0,/data/henrique/multiagent_refactoring/project/data/repositories/google-java-format/core/src/main/java/com/google/googlejavaformat/java/JavacTokens.java,133
google-java-format,com.google.googlejavaformat.java,JavacTokens.CommentWithTextAndPosition,3,0,0,0,26,0,0,0,-1.0,0,0,/data/henrique/multiagent_refactoring/project/data/repositories/google-java-format/core/src/main/java/com/google/googlejavaformat/java/JavacTokens.java,175
google-java-format,com.google.googlejavaformat.java,JavacTokens.AccessibleScanner,0,0,0,0,5,0,0,0,-1.0,1,0,/data/henrique/multiagent_refactoring/project/data/repositories/google-java-format/core/src/main/java/com/google/googlejavaformat/java/JavacTokens.java,214
google-java-format,com.google.googlejavaformat.java,GoogleJavaFormatTool,0,0,3,3,23,3,0,0,-1.0,0,0,/data/henrique/multiagent_refactoring/project/data/repositories/google-java-format/core/src/main/java/com/google/googlejavaformat/java/GoogleJavaFormatTool.java,28
google-java-format,com.google.googlejavaformat.java,FormatterException,2,0,7,6,40,9,0,0,0.5714285714285714,16,1,/data/henrique/multiagent_refactoring/project/data/repositories/google-java-format/core/src/main/java/com/google/googlejavaformat/java/FormatterException.java,29
google-java-format,com.google.googlejavaformat.java,GoogleJavaFormatToolProvider,0,0,2,2,18,2,0,0,-1.0,0,0,/data/henrique/multiagent_refactoring/project/data/repositories/google-java-format/core/src/main/java/com/google/googlejavaformat/java/GoogleJavaFormatToolProvider.java,21
google-java-format,com.google.googlejavaformat.java,Builder,0,0,20,0,28,20,2,0,-1.0,4,0,/data/henrique/multiagent_refactoring/project/data/repositories/google-java-format/core/src/main/java/com/google/googlejavaformat/java/CommandLineOptions.java,83
google-java-format,com.google.googlejavaformat.java,ModifierOrderer,2,0,7,0,180,38,0,0,0.42857142857142855,2,3,/data/henrique/multiagent_refactoring/project/data/repositories/google-java-format/core/src/main/java/com/google/googlejavaformat/java/ModifierOrderer.java,39
google-java-format,com.google.googlejavaformat.java,ModifierOrderer.ModifierTokens,2,0,0,0,48,0,0,0,-1.0,1,0,/data/henrique/multiagent_refactoring/project/data/repositories/google-java-format/core/src/main/java/com/google/googlejavaformat/java/ModifierOrderer.java,48
google-java-format,com.google.googlejavaformat.java,Trees,0,0,14,2,134,20,0,0,-1.0,4,0,/data/henrique/multiagent_refactoring/project/data/repositories/google-java-format/core/src/main/java/com/google/googlejavaformat/java/Trees.java,53
google-java-format,com.google.googlejavaformat.java,JavaCommentsHelper,3,0,7,2,127,30,0,1,0.0,0,5,/data/henrique/multiagent_refactoring/project/data/repositories/google-java-format/core/src/main/java/com/google/googlejavaformat/java/JavaCommentsHelper.java,29
google-java-format,com.google.googlejavaformat.java,Replacement,2,0,6,5,41,8,0,0,0.3333333333333333,6,0,/data/henrique/multiagent_refactoring/project/data/repositories/google-java-format/core/src/main/java/com/google/googlejavaformat/java/Replacement.java,23
google-java-format,com.google.googlejavaformat.java,JavaInput,19,0,23,13,474,64,0,2,0.17391304347826086,4,7,/data/henrique/multiagent_refactoring/project/data/repositories/google-java-format/core/src/main/java/com/google/googlejavaformat/java/JavaInput.java,61
google-java-format,com.google.googlejavaformat.java,JavaInput.Tok,7,0,0,0,73,0,0,0,-1.0,1,1,/data/henrique/multiagent_refactoring/project/data/repositories/google-java-format/core/src/main/java/com/google/googlejavaformat/java/JavaInput.java,63
google-java-format,com.google.googlejavaformat.java,JavaInput.Token,3,0,0,0,43,0,0,0,-1.0,1,1,/data/henrique/multiagent_refactoring/project/data/repositories/google-java-format/core/src/main/java/com/google/googlejavaformat/java/JavaInput.java,189
google-java-format,com.google.googlejavaformat.java,RemoveUnusedImports,8,0,10,1,215,24,0,0,0.3,6,5,/data/henrique/multiagent_refactoring/project/data/repositories/google-java-format/core/src/main/java/com/google/googlejavaformat/java/RemoveUnusedImports.java,60
google-java-format,com.google.googlejavaformat.java,RemoveUnusedImports.UnusedImportScanner,6,0,0,0,88,0,0,0,-1.0,1,0,/data/henrique/multiagent_refactoring/project/data/repositories/google-java-format/core/src/main/java/com/google/googlejavaformat/java/RemoveUnusedImports.java,82
google-java-format,com.google.googlejavaformat.java,RemoveUnusedImports.DocTreeScanner,1,0,0,0,28,0,0,0,-1.0,1,0,/data/henrique/multiagent_refactoring/project/data/repositories/google-java-format/core/src/main/java/com/google/googlejavaformat/java/RemoveUnusedImports.java,155
google-java-format,com.google.googlejavaformat.java,RemoveUnusedImports.ReferenceScanner,1,0,0,0,10,0,0,0,-1.0,0,0,/data/henrique/multiagent_refactoring/project/data/repositories/google-java-format/core/src/main/java/com/google/googlejavaformat/java/RemoveUnusedImports.java,185
google-java-format,com.google.googlejavaformat.java,JavaFormatterOptions,1,0,6,6,52,6,1,0,0.6666666666666666,17,3,/data/henrique/multiagent_refactoring/project/data/repositories/google-java-format/core/src/main/java/com/google/googlejavaformat/java/JavaFormatterOptions.java,20
google-java-format,com.google.googlejavaformat.java,JavaFormatterOptions.Style,1,0,0,0,14,0,0,0,-1.0,1,0,/data/henrique/multiagent_refactoring/project/data/repositories/google-java-format/core/src/main/java/com/google/googlejavaformat/java/JavaFormatterOptions.java,34
google-java-format,com.google.googlejavaformat.java,JavaFormatterOptions.Builder,0,0,0,0,9,0,0,0,-1.0,0,0,/data/henrique/multiagent_refactoring/project/data/repositories/google-java-format/core/src/main/java/com/google/googlejavaformat/java/JavaFormatterOptions.java,77
google-java-format,com.google.googlejavaformat.java,Main,5,0,9,4,227,35,0,0,0.5555555555555556,5,5,/data/henrique/multiagent_refactoring/project/data/repositories/google-java-format/core/src/main/java/com/google/googlejavaformat/java/Main.java,43
google-java-format,com.google.googlejavaformat.java,JavaOutput,12,0,16,13,277,63,0,2,0.1875,2,6,/data/henrique/multiagent_refactoring/project/data/repositories/google-java-format/core/src/main/java/com/google/googlejavaformat/java/JavaOutput.java,45
google-java-format,com.google.googlejavaformat.java,DimensionHelpers,2,0,3,0,73,10,0,0,0.0,1,2,/data/henrique/multiagent_refactoring/project/data/repositories/google-java-format/core/src/main/java/com/google/googlejavaformat/java/DimensionHelpers.java,29
google-java-format,com.google.googlejavaformat.java,DimensionHelpers.TypeWithDims,2,0,0,0,11,0,0,0,-1.0,1,0,/data/henrique/multiagent_refactoring/project/data/repositories/google-java-format/core/src/main/java/com/google/googlejavaformat/java/DimensionHelpers.java,39
google-java-format,com.google.googlejavaformat.java,DimensionHelpers.SortedDims,0,0,0,0,1,0,0,0,-1.0,1,0,/data/henrique/multiagent_refactoring/project/data/repositories/google-java-format/core/src/main/java/com/google/googlejavaformat/java/DimensionHelpers.java,50
google-java-format,com.google.googlejavaformat.java,ArrayDimensionTest,1,0,3,3,20,3,0,0,0.0,0,1,/data/henrique/multiagent_refactoring/project/data/repositories/google-java-format/core/src/test/java/com/google/googlejavaformat/java/ArrayDimensionTest.java,28
google-java-format,com.google.googlejavaformat.java,PartialFormattingTest,2,1,68,62,597,77,0,0,0.19117647058823528,0,4,/data/henrique/multiagent_refactoring/project/data/repositories/google-java-format/core/src/test/java/com/google/googlejavaformat/java/PartialFormattingTest.java,39
google-java-format,com.google.googlejavaformat.java,MainTest,3,1,25,25,264,25,0,0,0.24,0,4,/data/henrique/multiagent_refactoring/project/data/repositories/google-java-format/core/src/test/java/com/google/googlejavaformat/java/MainTest.java,46
google-java-format,com.google.googlejavaformat.java,ImportOrdererTest,4,0,1,0,78,2,0,0,0.0,0,0,/data/henrique/multiagent_refactoring/project/data/repositories/google-java-format/core/src/test/java/com/google/googlejavaformat/java/ImportOrdererTest.java,31
google-java-format,com.google.googlejavaformat.java,ImportOrdererTest.GoogleStyle,2,0,0,0,31,0,0,0,-1.0,0,0,/data/henrique/multiagent_refactoring/project/data/repositories/google-java-format/core/src/test/java/com/google/googlejavaformat/java/ImportOrdererTest.java,35
google-java-format,com.google.googlejavaformat.java,ImportOrdererTest.AospStyle,2,0,0,0,31,0,0,0,-1.0,0,0,/data/henrique/multiagent_refactoring/project/data/repositories/google-java-format/core/src/test/java/com/google/googlejavaformat/java/ImportOrdererTest.java,576
google-java-format,com.google.googlejavaformat.java,StringWrapperTest,0,0,8,7,52,8,0,0,-1.0,0,2,/data/henrique/multiagent_refactoring/project/data/repositories/google-java-format/core/src/test/java/com/google/googlejavaformat/java/StringWrapperTest.java,25
google-java-format,com.google.googlejavaformat.java,LineRangesToCharRangesTest,0,0,4,3,26,5,0,0,-1.0,0,1,/data/henrique/multiagent_refactoring/project/data/repositories/google-java-format/core/src/test/java/com/google/googlejavaformat/java/LineRangesToCharRangesTest.java,27
google-java-format,com.google.googlejavaformat.java,FormatterTest,2,1,34,32,230,34,0,0,0.7058823529411765,0,6,/data/henrique/multiagent_refactoring/project/data/repositories/google-java-format/core/src/test/java/com/google/googlejavaformat/java/FormatterTest.java,39
google-java-format,com.google.googlejavaformat.java,TypeNameClassifierTest,0,0,4,3,41,4,0,0,-1.0,0,1,/data/henrique/multiagent_refactoring/project/data/repositories/google-java-format/core/src/test/java/com/google/googlejavaformat/java/TypeNameClassifierTest.java,26
google-java-format,com.google.googlejavaformat.java,ModifierOrdererTest,0,0,7,7,39,7,0,0,-1.0,0,3,/data/henrique/multiagent_refactoring/project/data/repositories/google-java-format/core/src/test/java/com/google/googlejavaformat/java/ModifierOrdererTest.java,28
google-java-format,com.google.googlejavaformat.java,CommandLineFlagsTest,0,0,8,8,116,8,0,0,-1.0,0,1,/data/henrique/multiagent_refactoring/project/data/repositories/google-java-format/core/src/test/java/com/google/googlejavaformat/java/CommandLineFlagsTest.java,24
google-java-format,com.google.googlejavaformat.java,GoogleJavaFormatToolProviderTest,0,0,1,1,17,1,0,0,-1.0,0,0,/data/henrique/multiagent_refactoring/project/data/repositories/google-java-format/core/src/test/java/com/google/googlejavaformat/java/GoogleJavaFormatToolProviderTest.java,27
google-java-format,com.google.googlejavaformat.java,JavadocFormattingTest,1,0,64,63,334,65,0,0,0.0,0,2,/data/henrique/multiagent_refactoring/project/data/repositories/google-java-format/core/src/test/java/com/google/googlejavaformat/java/JavadocFormattingTest.java,27
google-java-format,com.google.googlejavaformat.java,FormatterIntegrationTest,5,0,7,7,108,13,0,0,0.0,0,3,/data/henrique/multiagent_refactoring/project/data/repositories/google-java-format/core/src/test/java/com/google/googlejavaformat/java/FormatterIntegrationTest.java,45
google-java-format,com.google.googlejavaformat.java,DiagnosticTest,2,1,10,10,122,10,0,0,0.4,0,3,/data/henrique/multiagent_refactoring/project/data/repositories/google-java-format/core/src/test/java/com/google/googlejavaformat/java/DiagnosticTest.java,37
google-java-format,com.google.googlejavaformat.java,SnippetFormatterTest,0,0,5,5,30,5,0,0,-1.0,0,3,/data/henrique/multiagent_refactoring/project/data/repositories/google-java-format/core/src/test/java/com/google/googlejavaformat/java/SnippetFormatterTest.java,27
google-java-format,com.google.googlejavaformat.java,RemoveUnusedImportsCaseLabelsTest,0,0,1,1,10,1,0,0,-1.0,0,2,/data/henrique/multiagent_refactoring/project/data/repositories/google-java-format/core/src/test/java/com/google/googlejavaformat/java/RemoveUnusedImportsCaseLabelsTest.java,26
google-java-format,com.google.googlejavaformat.java,GoogleJavaFormatToolTest,0,0,1,1,18,1,0,0,-1.0,0,0,/data/henrique/multiagent_refactoring/project/data/repositories/google-java-format/core/src/test/java/com/google/googlejavaformat/java/GoogleJavaFormatToolTest.java,29
google-java-format,com.google.googlejavaformat.java,ReplacementTest,0,0,3,3,17,3,0,0,-1.0,0,1,/data/henrique/multiagent_refactoring/project/data/repositories/google-java-format/core/src/test/java/com/google/googlejavaformat/java/ReplacementTest.java,26
google-java-format,com.google.googlejavaformat.java,StringWrapperIntegrationTest,3,0,6,6,33,6,0,0,0.3333333333333333,0,2,/data/henrique/multiagent_refactoring/project/data/repositories/google-java-format/core/src/test/java/com/google/googlejavaformat/java/StringWrapperIntegrationTest.java,28
google-java-format,com.google.googlejavaformat.java,RemoveUnusedImportsTest,2,0,3,3,29,5,0,0,0.6666666666666666,0,2,/data/henrique/multiagent_refactoring/project/data/repositories/google-java-format/core/src/test/java/com/google/googlejavaformat/java/RemoveUnusedImportsTest.java,27
google-java-format,com.google.googlejavaformat.java,CommandLineOptionsParserTest,1,1,19,19,91,19,0,0,1.0,0,1,/data/henrique/multiagent_refactoring/project/data/repositories/google-java-format/core/src/test/java/com/google/googlejavaformat/java/CommandLineOptionsParserTest.java,32
google-java-format,com.google.googlejavaformat.java,GoogleJavaFormatVersion,0,0,1,0,5,1,0,0,-1.0,1,0,/data/henrique/multiagent_refactoring/project/data/repositories/google-java-format/core/target/generated-sources/java/com/google/googlejavaformat/java/GoogleJavaFormatVersion.java,17
google-java-format,com.google.googlejavaformat.java,AutoValue_FormatFileCallable_Result,4,0,8,3,52,11,0,0,0.0,0,2,/data/henrique/multiagent_refactoring/project/data/repositories/google-java-format/core/target/generated-sources/annotations/com/google/googlejavaformat/java/AutoValue_FormatFileCallable_Result.java,7
google-java-format,com.google.googlejavaformat.java,AutoValue_JavaFormatterOptions,6,0,7,6,80,9,0,1,0.0,1,1,/data/henrique/multiagent_refactoring/project/data/repositories/google-java-format/core/target/generated-sources/annotations/com/google/googlejavaformat/java/AutoValue_JavaFormatterOptions.java,5
google-java-format,com.google.googlejavaformat.java,AutoValue_JavaFormatterOptions.Builder,3,0,0,0,38,0,0,1,-1.0,0,1,/data/henrique/multiagent_refactoring/project/data/repositories/google-java-format/core/target/generated-sources/annotations/com/google/googlejavaformat/java/AutoValue_JavaFormatterOptions.java,73
google-java-format,com.google.googlejavaformat.java,AutoOneOf_JavaInputAstVisitor_AnnotationOrModifier,2,0,3,0,78,5,0,0,1.0,0,2,/data/henrique/multiagent_refactoring/project/data/repositories/google-java-format/core/target/generated-sources/annotations/com/google/googlejavaformat/java/AutoOneOf_JavaInputAstVisitor_AnnotationOrModifier.java,7
google-java-format,com.google.googlejavaformat.java,AutoOneOf_JavaInputAstVisitor_AnnotationOrModifier.Parent_,0,0,0,0,8,0,0,0,-1.0,0,2,/data/henrique/multiagent_refactoring/project/data/repositories/google-java-format/core/target/generated-sources/annotations/com/google/googlejavaformat/java/AutoOneOf_JavaInputAstVisitor_AnnotationOrModifier.java,26
google-java-format,com.google.googlejavaformat.java,AutoOneOf_JavaInputAstVisitor_AnnotationOrModifier.Impl_annotation,1,0,0,0,27,0,0,0,-1.0,0,1,/data/henrique/multiagent_refactoring/project/data/repositories/google-java-format/core/target/generated-sources/annotations/com/google/googlejavaformat/java/AutoOneOf_JavaInputAstVisitor_AnnotationOrModifier.java,38
google-java-format,com.google.googlejavaformat.java,AutoOneOf_JavaInputAstVisitor_AnnotationOrModifier.Impl_modifier,1,0,0,0,27,0,0,0,-1.0,0,2,/data/henrique/multiagent_refactoring/project/data/repositories/google-java-format/core/target/generated-sources/annotations/com/google/googlejavaformat/java/AutoOneOf_JavaInputAstVisitor_AnnotationOrModifier.java,72
google-java-format,com.google.googlejavaformat.java,AutoValue_JavaInputAstVisitor_DeclarationModifiersAndTypeAnnotations,2,0,6,3,41,10,0,0,0.0,0,1,/data/henrique/multiagent_refactoring/project/data/repositories/google-java-format/core/target/generated-sources/annotations/com/google/googlejavaformat/java/AutoValue_JavaInputAstVisitor_DeclarationModifiersAndTypeAnnotations.java,7
google-java-format,com.google.googlejavaformat.java,AutoBuilder_CommandLineOptions_Builder,20,0,19,18,165,43,0,1,0.10526315789473684,0,1,/data/henrique/multiagent_refactoring/project/data/repositories/google-java-format/core/target/generated-sources/annotations/com/google/googlejavaformat/java/AutoBuilder_CommandLineOptions_Builder.java,8
google-java-format,com.google.googlejavaformat,Doc,28,1,8,2,536,8,5,0,1.0,5,10,/data/henrique/multiagent_refactoring/project/data/repositories/google-java-format/core/src/main/java/com/google/googlejavaformat/Doc.java,32
google-java-format,com.google.googlejavaformat,Doc.FillMode,0,0,0,0,13,0,0,0,-1.0,1,0,/data/henrique/multiagent_refactoring/project/data/repositories/google-java-format/core/src/main/java/com/google/googlejavaformat/Doc.java,42
google-java-format,com.google.googlejavaformat,Doc.State,4,0,0,0,27,0,0,0,-1.0,1,0,/data/henrique/multiagent_refactoring/project/data/repositories/google-java-format/core/src/main/java/com/google/googlejavaformat/Doc.java,76
google-java-format,com.google.googlejavaformat,Doc.Level,5,0,0,0,151,0,0,1,-1.0,0,1,/data/henrique/multiagent_refactoring/project/data/repositories/google-java-format/core/src/main/java/com/google/googlejavaformat/Doc.java,185
google-java-format,com.google.googlejavaformat,Doc.Token,4,0,0,0,85,0,0,1,-1.0,1,3,/data/henrique/multiagent_refactoring/project/data/repositories/google-java-format/core/src/main/java/com/google/googlejavaformat/Doc.java,383
google-java-format,com.google.googlejavaformat,Doc.RealOrImaginary,0,0,0,0,7,0,0,0,-1.0,1,0,/data/henrique/multiagent_refactoring/project/data/repositories/google-java-format/core/src/main/java/com/google/googlejavaformat/Doc.java,385
google-java-format,com.google.googlejavaformat,Doc.Space,1,0,0,0,36,0,0,1,-1.0,1,0,/data/henrique/multiagent_refactoring/project/data/repositories/google-java-format/core/src/main/java/com/google/googlejavaformat/Doc.java,507
google-java-format,com.google.googlejavaformat,Doc.Break,6,0,0,0,107,0,0,1,-1.0,0,1,/data/henrique/multiagent_refactoring/project/data/repositories/google-java-format/core/src/main/java/com/google/googlejavaformat/Doc.java,558
google-java-format,com.google.googlejavaformat,Doc.Tok,2,0,0,0,56,0,0,1,-1.0,1,1,/data/henrique/multiagent_refactoring/project/data/repositories/google-java-format/core/src/main/java/com/google/googlejavaformat/Doc.java,697
google-java-format,com.google.googlejavaformat,Input,0,0,10,10,115,10,1,1,-1.0,16,2,/data/henrique/multiagent_refactoring/project/data/repositories/google-java-format/core/src/main/java/com/google/googlejavaformat/Input.java,22
google-java-format,com.google.googlejavaformat,Input.Tok,0,0,0,0,52,0,0,0,-1.0,0,0,/data/henrique/multiagent_refactoring/project/data/repositories/google-java-format/core/src/main/java/com/google/googlejavaformat/Input.java,24
google-java-format,com.google.googlejavaformat,Input.Token,0,0,0,0,20,0,0,0,-1.0,1,0,/data/henrique/multiagent_refactoring/project/data/repositories/google-java-format/core/src/main/java/com/google/googlejavaformat/Input.java,76
google-java-format,com.google.googlejavaformat,Indent,5,1,1,0,47,1,2,0,0.0,9,1,/data/henrique/multiagent_refactoring/project/data/repositories/google-java-format/core/src/main/java/com/google/googlejavaformat/Indent.java,20
google-java-format,com.google.googlejavaformat,Indent.Const,2,1,0,0,19,0,0,1,-1.0,1,0,/data/henrique/multiagent_refactoring/project/data/repositories/google-java-format/core/src/main/java/com/google/googlejavaformat/Indent.java,29
google-java-format,com.google.googlejavaformat,Indent.If,3,0,0,0,22,0,0,1,-1.0,0,1,/data/henrique/multiagent_refactoring/project/data/repositories/google-java-format/core/src/main/java/com/google/googlejavaformat/Indent.java,54
google-java-format,com.google.googlejavaformat,FormatterDiagnostic,3,0,7,6,54,10,0,0,0.0,4,0,/data/henrique/multiagent_refactoring/project/data/repositories/google-java-format/core/src/main/java/com/google/googlejavaformat/FormatterDiagnostic.java,20
google-java-format,com.google.googlejavaformat,OpenOp,1,0,4,3,23,4,0,1,0.0,2,3,/data/henrique/multiagent_refactoring/project/data/repositories/google-java-format/core/src/main/java/com/google/googlejavaformat/OpenOp.java,19
google-java-format,com.google.googlejavaformat,DocBuilder,3,0,8,4,68,9,0,0,0.25,4,2,/data/henrique/multiagent_refactoring/project/data/repositories/google-java-format/core/src/main/java/com/google/googlejavaformat/DocBuilder.java,21
google-java-format,com.google.googlejavaformat,CommentsHelper,1,0,2,0,24,4,1,0,-1.0,4,1,/data/henrique/multiagent_refactoring/project/data/repositories/google-java-format/core/src/main/java/com/google/googlejavaformat/CommentsHelper.java,21
google-java-format,com.google.googlejavaformat,CloseOp,0,0,3,3,17,3,0,1,-1.0,2,2,/data/henrique/multiagent_refactoring/project/data/repositories/google-java-format/core/src/main/java/com/google/googlejavaformat/CloseOp.java,19
google-java-format,com.google.googlejavaformat,Newlines,8,0,9,9,159,17,0,0,0.3333333333333333,11,0,/data/henrique/multiagent_refactoring/project/data/repositories/google-java-format/core/src/main/java/com/google/googlejavaformat/Newlines.java,23
google-java-format,com.google.googlejavaformat,Newlines.LineOffsetIterator,3,0,0,0,37,0,0,0,-1.0,0,0,/data/henrique/multiagent_refactoring/project/data/repositories/google-java-format/core/src/main/java/com/google/googlejavaformat/Newlines.java,106
google-java-format,com.google.googlejavaformat,Newlines.LineIterator,4,0,0,0,34,0,0,0,-1.0,0,0,/data/henrique/multiagent_refactoring/project/data/repositories/google-java-format/core/src/main/java/com/google/googlejavaformat/Newlines.java,157
google-java-format,com.google.googlejavaformat,Output,1,0,6,6,46,6,1,1,1.0,2,2,/data/henrique/multiagent_refactoring/project/data/repositories/google-java-format/core/src/main/java/com/google/googlejavaformat/Output.java,22
google-java-format,com.google.googlejavaformat,Output.BreakTag,1,0,0,0,12,0,0,0,-1.0,0,0,/data/henrique/multiagent_refactoring/project/data/repositories/google-java-format/core/src/main/java/com/google/googlejavaformat/Output.java,24
google-java-format,com.google.googlejavaformat,Op,0,0,1,0,10,1,6,0,-1.0,3,1,/data/henrique/multiagent_refactoring/project/data/repositories/google-java-format/core/src/main/java/com/google/googlejavaformat/Op.java,17
google-java-format,com.google.googlejavaformat,OpsBuilder,14,3,36,33,504,89,0,0,0.16666666666666666,2,9,/data/henrique/multiagent_refactoring/project/data/repositories/google-java-format/core/src/main/java/com/google/googlejavaformat/OpsBuilder.java,35
google-java-format,com.google.googlejavaformat,OpsBuilder.BlankLineWanted,5,3,0,0,63,0,0,0,-1.0,1,0,/data/henrique/multiagent_refactoring/project/data/repositories/google-java-format/core/src/main/java/com/google/googlejavaformat/OpsBuilder.java,76
google-java-format,com.google.googlejavaformat,OpsBuilder.SimpleBlankLine,1,0,0,0,12,0,0,0,-1.0,0,0,/data/henrique/multiagent_refactoring/project/data/repositories/google-java-format/core/src/main/java/com/google/googlejavaformat/OpsBuilder.java,103
google-java-format,com.google.googlejavaformat,OpsBuilder.ConditionalBlankLine,1,0,0,0,20,0,0,0,-1.0,0,0,/data/henrique/multiagent_refactoring/project/data/repositories/google-java-format/core/src/main/java/com/google/googlejavaformat/OpsBuilder.java,121
google-java-format,com.google.googlejavaformat,InputOutput,4,0,8,5,86,15,2,0,0.0,1,2,/data/henrique/multiagent_refactoring/project/data/repositories/google-java-format/core/src/main/java/com/google/googlejavaformat/InputOutput.java,25
google-java-format,com.google.googlejavaformat,FormattingError,1,0,3,3,16,3,0,0,0.6666666666666666,0,1,/data/henrique/multiagent_refactoring/project/data/repositories/google-java-format/core/src/main/java/com/google/googlejavaformat/FormattingError.java,20
google-java-format,com.google.googlejavaformat,NewlinesTest,0,0,4,4,62,4,0,0,-1.0,0,1,/data/henrique/multiagent_refactoring/project/data/repositories/google-java-format/core/src/test/java/com/google/googlejavaformat/NewlinesTest.java,27
google-java-format,com.google.googlejavaformat.java.filer,FormattingFiler,3,0,7,7,49,8,0,0,0.2857142857142857,1,1,/data/henrique/multiagent_refactoring/project/data/repositories/google-java-format/core/src/main/java/com/google/googlejavaformat/java/filer/FormattingFiler.java,30
google-java-format,com.google.googlejavaformat.java.filer,FormattingJavaFileObject,3,0,7,6,53,9,0,0,0.7142857142857143,0,1,/data/henrique/multiagent_refactoring/project/data/repositories/google-java-format/core/src/main/java/com/google/googlejavaformat/java/filer/FormattingJavaFileObject.java,31
google-java-format,com.google.googlejavaformat.java.filer,FormattingFilerTest,2,1,6,6,61,6,0,0,1.0,0,1,/data/henrique/multiagent_refactoring/project/data/repositories/google-java-format/core/src/test/java/com/google/googlejavaformat/java/filer/FormattingFilerTest.java,42
google-java-format,com.google.googlejavaformat.java.filer,FormattingFilerTest.FakeFiler,0,0,0,0,14,0,0,0,-1.0,0,0,/data/henrique/multiagent_refactoring/project/data/repositories/google-java-format/core/src/test/java/com/google/googlejavaformat/java/filer/FormattingFilerTest.java,103
google-java-format,com.google.googlejavaformat.java.filer,FormattingFilerTest.ObservingJavaFileObject,1,0,0,0,12,0,0,0,-1.0,0,0,/data/henrique/multiagent_refactoring/project/data/repositories/google-java-format/core/src/test/java/com/google/googlejavaformat/java/filer/FormattingFilerTest.java,133
google-java-format,com.google.googlejavaformat.java.javadoc,JavadocFormatter,5,0,8,1,99,40,0,0,0.25,2,3,/data/henrique/multiagent_refactoring/project/data/repositories/google-java-format/core/src/main/java/com/google/googlejavaformat/java/javadoc/JavadocFormatter.java,29
google-java-format,com.google.googlejavaformat.java.javadoc,NestingCounter,1,0,6,0,28,8,0,0,0.0,2,0,/data/henrique/multiagent_refactoring/project/data/repositories/google-java-format/core/src/main/java/com/google/googlejavaformat/java/javadoc/NestingCounter.java,17
google-java-format,com.google.googlejavaformat.java.javadoc,JavadocLexer,34,0,18,0,375,81,0,0,0.2777777777777778,1,4,/data/henrique/multiagent_refactoring/project/data/repositories/google-java-format/core/src/main/java/com/google/googlejavaformat/java/javadoc/JavadocLexer.java,65
google-java-format,com.google.googlejavaformat.java.javadoc,JavadocLexer.LexException,0,0,0,0,2,0,0,0,-1.0,1,0,/data/henrique/multiagent_refactoring/project/data/repositories/google-java-format/core/src/main/java/com/google/googlejavaformat/java/javadoc/JavadocLexer.java,577
google-java-format,com.google.googlejavaformat.java.javadoc,Token,2,0,5,1,60,5,0,0,0.0,3,1,/data/henrique/multiagent_refactoring/project/data/repositories/google-java-format/core/src/main/java/com/google/googlejavaformat/java/javadoc/Token.java,17
google-java-format,com.google.googlejavaformat.java.javadoc,Token.Type,0,0,0,0,37,0,0,0,-1.0,1,0,/data/henrique/multiagent_refactoring/project/data/repositories/google-java-format/core/src/main/java/com/google/googlejavaformat/java/javadoc/Token.java,23
google-java-format,com.google.googlejavaformat.java.javadoc,JavadocWriter,14,0,36,1,247,50,0,0,0.0,1,5,/data/henrique/multiagent_refactoring/project/data/repositories/google-java-format/core/src/main/java/com/google/googlejavaformat/java/javadoc/JavadocWriter.java,33
google-java-format,com.google.googlejavaformat.java.javadoc,JavadocWriter.RequestedWhitespace,0,0,0,0,4,0,0,0,-1.0,1,0,/data/henrique/multiagent_refactoring/project/data/repositories/google-java-format/core/src/main/java/com/google/googlejavaformat/java/javadoc/JavadocWriter.java,308
google-java-format,com.google.googlejavaformat.java.javadoc,JavadocWriter.AutoIndent,0,0,0,0,1,0,0,0,-1.0,1,0,/data/henrique/multiagent_refactoring/project/data/repositories/google-java-format/core/src/main/java/com/google/googlejavaformat/java/javadoc/JavadocWriter.java,415
google-java-format,com.google.googlejavaformat.java.javadoc,CharStream,2,0,5,0,35,7,0,0,0.0,1,0,/data/henrique/multiagent_refactoring/project/data/repositories/google-java-format/core/src/main/java/com/google/googlejavaformat/java/javadoc/CharStream.java,23
google-java-format,com.google.googlejavaformat.intellij,GoogleJavaFormatConfigurable,4,0,14,11,73,14,0,0,0.42857142857142855,0,2,/data/henrique/multiagent_refactoring/project/data/repositories/google-java-format/idea_plugin/src/main/java/com/google/googlejavaformat/intellij/GoogleJavaFormatConfigurable.java,38
google-java-format,com.google.googlejavaformat.intellij,GoogleJavaFormatImportOptimizer,0,0,2,2,43,7,0,0,-1.0,0,6,/data/henrique/multiagent_refactoring/project/data/repositories/google-java-format/idea_plugin/src/main/java/com/google/googlejavaformat/intellij/GoogleJavaFormatImportOptimizer.java,32
google-java-format,com.google.googlejavaformat.intellij,UiFormatterStyle,2,0,4,2,19,4,0,0,0.0,1,1,/data/henrique/multiagent_refactoring/project/data/repositories/google-java-format/idea_plugin/src/main/java/com/google/googlejavaformat/intellij/UiFormatterStyle.java,24
google-java-format,com.google.googlejavaformat.intellij,Notifications,2,0,2,0,10,2,0,0,0.0,3,0,/data/henrique/multiagent_refactoring/project/data/repositories/google-java-format/idea_plugin/src/main/java/com/google/googlejavaformat/intellij/Notifications.java,22
google-java-format,com.google.googlejavaformat.intellij,JreConfigurationChecker,3,0,7,2,50,10,0,0,0.7142857142857143,3,0,/data/henrique/multiagent_refactoring/project/data/repositories/google-java-format/idea_plugin/src/main/java/com/google/googlejavaformat/intellij/JreConfigurationChecker.java,30
google-java-format,com.google.googlejavaformat.intellij,GoogleJavaFormatSettings,4,1,10,2,60,11,0,0,0.0,5,4,/data/henrique/multiagent_refactoring/project/data/repositories/google-java-format/idea_plugin/src/main/java/com/google/googlejavaformat/intellij/GoogleJavaFormatSettings.java,27
google-java-format,com.google.googlejavaformat.intellij,GoogleJavaFormatSettings.EnabledState,0,0,0,0,1,0,0,0,-1.0,1,0,/data/henrique/multiagent_refactoring/project/data/repositories/google-java-format/idea_plugin/src/main/java/com/google/googlejavaformat/intellij/GoogleJavaFormatSettings.java,82
google-java-format,com.google.googlejavaformat.intellij,GoogleJavaFormatSettings.State,2,1,0,0,22,0,0,0,-1.0,1,1,/data/henrique/multiagent_refactoring/project/data/repositories/google-java-format/idea_plugin/src/main/java/com/google/googlejavaformat/intellij/GoogleJavaFormatSettings.java,88
google-java-format,com.google.googlejavaformat.intellij,GoogleJavaFormatFormattingService,3,1,7,3,70,9,2,0,0.8571428571428571,0,6,/data/henrique/multiagent_refactoring/project/data/repositories/google-java-format/idea_plugin/src/main/java/com/google/googlejavaformat/intellij/GoogleJavaFormatFormattingService.java,38
google-java-format,com.google.googlejavaformat.intellij,GoogleJavaFormatFormattingService.GoogleJavaFormatFormattingTask,2,0,0,0,33,0,0,0,-1.0,0,2,/data/henrique/multiagent_refactoring/project/data/repositories/google-java-format/idea_plugin/src/main/java/com/google/googlejavaformat/intellij/GoogleJavaFormatFormattingService.java,91
google-java-format,com.google.googlejavaformat.intellij,GoogleJavaFormatImportOptimizerTest,3,0,5,4,72,5,0,0,0.0,0,2,/data/henrique/multiagent_refactoring/project/data/repositories/google-java-format/idea_plugin/src/test/java/com/google/googlejavaformat/intellij/GoogleJavaFormatImportOptimizerTest.java,44
google-java-format,com.google.googlejavaformat.intellij,GoogleJavaFormatImportOptimizerTest.DelegatingFormatter,1,0,0,0,24,0,0,1,-1.0,1,0,/data/henrique/multiagent_refactoring/project/data/repositories/google-java-format/idea_plugin/src/test/java/com/google/googlejavaformat/intellij/GoogleJavaFormatImportOptimizerTest.java,138
google-java-format,com.google.googlejavaformat.intellij,GoogleJavaFormatFormattingServiceTest,4,0,9,8,99,9,0,0,0.0,0,3,/data/henrique/multiagent_refactoring/project/data/repositories/google-java-format/idea_plugin/src/test/java/com/google/googlejavaformat/intellij/GoogleJavaFormatFormattingServiceTest.java,45
google-java-format,com.google.googlejavaformat.intellij,GoogleJavaFormatFormattingServiceTest.DelegatingFormatter,1,0,0,0,19,0,0,1,-1.0,1,0,/data/henrique/multiagent_refactoring/project/data/repositories/google-java-format/idea_plugin/src/test/java/com/google/googlejavaformat/intellij/GoogleJavaFormatFormattingServiceTest.java,225
