Project,Package,Class,Method,Smell,Description,Method start line no,File
jsoup,org.jsoup.examples,ListLinks,main,Long Statement,The length of the statement "if (src.nameIs("img")) print(" * %s: <%s> %sx%s (%s)"`src.tagName()`src.attr("abs:src")`src.attr("width")`src.attr("height")`trim(src.attr("alt")`20));" is 151.,19,/data/henrique/multiagent_refactoring/project/data/repositories/jsoup/src/main/java/org/jsoup/examples/ListLinks.java
jsoup,org.jsoup.examples,ListLinks,main,Magic Number,The method contains a magic number: 20,19,/data/henrique/multiagent_refactoring/project/data/repositories/jsoup/src/main/java/org/jsoup/examples/ListLinks.java
jsoup,org.jsoup.examples,ListLinks,main,Magic Number,The method contains a magic number: 35,19,/data/henrique/multiagent_refactoring/project/data/repositories/jsoup/src/main/java/org/jsoup/examples/ListLinks.java
jsoup,org.jsoup.examples,HtmlToPlainText,main,Magic Number,The method contains a magic number: 2,33,/data/henrique/multiagent_refactoring/project/data/repositories/jsoup/src/main/java/org/jsoup/examples/HtmlToPlainText.java
jsoup,org.jsoup.examples,HtmlToPlainText,main,Magic Number,The method contains a magic number: 2,33,/data/henrique/multiagent_refactoring/project/data/repositories/jsoup/src/main/java/org/jsoup/examples/HtmlToPlainText.java
jsoup,org.jsoup.internal,SimpleStreamReader,SimpleStreamReader,Long Statement,The length of the statement "this.decoder=charset.newDecoder().onMalformedInput(CodingErrorAction.REPLACE).onUnmappableCharacter(CodingErrorAction.REPLACE);" is 127.,26,/data/henrique/multiagent_refactoring/project/data/repositories/jsoup/src/main/java/org/jsoup/internal/SimpleStreamReader.java
jsoup,org.jsoup.internal,SimpleStreamReader,read,Complex Conditional,The conditional expression readFully || !charBuf.hasRemaining() || (charBuf.position() > 0) && !(in.available() > 0) is complex.,36,/data/henrique/multiagent_refactoring/project/data/repositories/jsoup/src/main/java/org/jsoup/internal/SimpleStreamReader.java
jsoup,org.jsoup.internal,SimpleStreamReader,read,Complex Method,Cyclomatic complexity of the method is 10,36,/data/henrique/multiagent_refactoring/project/data/repositories/jsoup/src/main/java/org/jsoup/internal/SimpleStreamReader.java
jsoup,org.jsoup.internal,ControllableInputStream,read,Complex Conditional,The conditional expression interrupted || capped && remaining <= 0 is complex.,73,/data/henrique/multiagent_refactoring/project/data/repositories/jsoup/src/main/java/org/jsoup/internal/ControllableInputStream.java
jsoup,org.jsoup.internal,ControllableInputStream,read,Complex Method,Cyclomatic complexity of the method is 9,73,/data/henrique/multiagent_refactoring/project/data/repositories/jsoup/src/main/java/org/jsoup/internal/ControllableInputStream.java
jsoup,org.jsoup.internal,ControllableInputStream,readToByteBuffer,Magic Number,The method contains a magic number: 1.5,110,/data/henrique/multiagent_refactoring/project/data/repositories/jsoup/src/main/java/org/jsoup/internal/ControllableInputStream.java
jsoup,org.jsoup.internal,ControllableInputStream,timeout,Magic Number,The method contains a magic number: 1000000,189,/data/henrique/multiagent_refactoring/project/data/repositories/jsoup/src/main/java/org/jsoup/internal/ControllableInputStream.java
jsoup,org.jsoup.internal,ControllableInputStream,emitProgress,Magic Number,The method contains a magic number: 100f,195,/data/henrique/multiagent_refactoring/project/data/repositories/jsoup/src/main/java/org/jsoup/internal/ControllableInputStream.java
jsoup,org.jsoup.internal,ControllableInputStream,emitProgress,Magic Number,The method contains a magic number: 100f,195,/data/henrique/multiagent_refactoring/project/data/repositories/jsoup/src/main/java/org/jsoup/internal/ControllableInputStream.java
jsoup,org.jsoup.internal,ControllableInputStream,emitProgress,Magic Number,The method contains a magic number: 100.0f,195,/data/henrique/multiagent_refactoring/project/data/repositories/jsoup/src/main/java/org/jsoup/internal/ControllableInputStream.java
jsoup,org.jsoup.internal,SimpleBufferedInput,read,Magic Number,The method contains a magic number: 0xff,32,/data/henrique/multiagent_refactoring/project/data/repositories/jsoup/src/main/java/org/jsoup/internal/SimpleBufferedInput.java
jsoup,org.jsoup.internal,SimpleBufferedInput,read,Complex Conditional,The conditional expression offset < 0 || desiredLen < 0 || desiredLen > dest.length - offset is complex.,42,/data/henrique/multiagent_refactoring/project/data/repositories/jsoup/src/main/java/org/jsoup/internal/SimpleBufferedInput.java
jsoup,org.jsoup.internal,SimpleBufferedInput,fill,Complex Method,Cyclomatic complexity of the method is 10,73,/data/henrique/multiagent_refactoring/project/data/repositories/jsoup/src/main/java/org/jsoup/internal/SimpleBufferedInput.java
jsoup,org.jsoup.internal,StringUtil,padding,Magic Number,The method contains a magic number: 30,117,/data/henrique/multiagent_refactoring/project/data/repositories/jsoup/src/main/java/org/jsoup/internal/StringUtil.java
jsoup,org.jsoup.internal,StringUtil,isActuallyWhitespace,Magic Number,The method contains a magic number: 160,201,/data/henrique/multiagent_refactoring/project/data/repositories/jsoup/src/main/java/org/jsoup/internal/StringUtil.java
jsoup,org.jsoup.internal,StringUtil,isInvisibleChar,Magic Number,The method contains a magic number: 8203,211,/data/henrique/multiagent_refactoring/project/data/repositories/jsoup/src/main/java/org/jsoup/internal/StringUtil.java
jsoup,org.jsoup.internal,StringUtil,isInvisibleChar,Magic Number,The method contains a magic number: 173,211,/data/henrique/multiagent_refactoring/project/data/repositories/jsoup/src/main/java/org/jsoup/internal/StringUtil.java
jsoup,org.jsoup.internal,StringUtil,appendNormalisedWhitespace,Complex Conditional,The conditional expression (stripLeading && !reachedNonWhite) || lastWasWhite is complex.,228,/data/henrique/multiagent_refactoring/project/data/repositories/jsoup/src/main/java/org/jsoup/internal/StringUtil.java
jsoup,org.jsoup.internal,StringUtil,isAscii,Magic Number,The method contains a magic number: 127,269,/data/henrique/multiagent_refactoring/project/data/repositories/jsoup/src/main/java/org/jsoup/internal/StringUtil.java
jsoup,org.jsoup.safety,Safelist,basic,Long Statement,The length of the statement "return new Safelist().addTags("a"`"b"`"blockquote"`"br"`"cite"`"code"`"dd"`"dl"`"dt"`"em"`"i"`"li"`"ol"`"p"`"pre"`"q"`"small"`"span"`"strike"`"strong"`"sub"`"sup"`"u"`"ul").addAttributes("a"`"href").addAttributes("blockquote"`"cite").addAttributes("q"`"cite").addProtocols("a"`"href"`"ftp"`"http"`"https"`"mailto").addProtocols("blockquote"`"cite"`"http"`"https").addProtocols("cite"`"cite"`"http"`"https").addEnforcedAttribute("a"`"rel"`"nofollow");" is 450.,112,/data/henrique/multiagent_refactoring/project/data/repositories/jsoup/src/main/java/org/jsoup/safety/Safelist.java
jsoup,org.jsoup.safety,Safelist,basicWithImages,Long Statement,The length of the statement "return basic().addTags("img").addAttributes("img"`"align"`"alt"`"height"`"src"`"title"`"width").addProtocols("img"`"src"`"http"`"https");" is 137.,147,/data/henrique/multiagent_refactoring/project/data/repositories/jsoup/src/main/java/org/jsoup/safety/Safelist.java
jsoup,org.jsoup.safety,Safelist,relaxed,Long Statement,The length of the statement "return new Safelist().addTags("a"`"b"`"blockquote"`"br"`"caption"`"cite"`"code"`"col"`"colgroup"`"dd"`"div"`"dl"`"dt"`"em"`"h1"`"h2"`"h3"`"h4"`"h5"`"h6"`"i"`"img"`"li"`"ol"`"p"`"pre"`"q"`"small"`"span"`"strike"`"strong"`"sub"`"sup"`"table"`"tbody"`"td"`"tfoot"`"th"`"thead"`"tr"`"u"`"ul").addAttributes("a"`"href"`"title").addAttributes("blockquote"`"cite").addAttributes("col"`"span"`"width").addAttributes("colgroup"`"span"`"width").addAttributes("img"`"align"`"alt"`"height"`"src"`"title"`"width").addAttributes("ol"`"start"`"type").addAttributes("q"`"cite").addAttributes("table"`"summary"`"width").addAttributes("td"`"abbr"`"axis"`"colspan"`"rowspan"`"width").addAttributes("th"`"abbr"`"axis"`"colspan"`"rowspan"`"scope"`"width").addAttributes("ul"`"type").addProtocols("a"`"href"`"ftp"`"http"`"https"`"mailto").addProtocols("blockquote"`"cite"`"http"`"https").addProtocols("cite"`"cite"`"http"`"https").addProtocols("img"`"src"`"http"`"https").addProtocols("q"`"cite"`"http"`"https");" is 990.,161,/data/henrique/multiagent_refactoring/project/data/repositories/jsoup/src/main/java/org/jsoup/safety/Safelist.java
jsoup,org.jsoup.safety,Safelist,addTags,Long Statement,The length of the statement "Validate.isFalse(tagName.equalsIgnoreCase("noscript")`"noscript is unsupported in Safelists` due to incompatibilities between parsers with and without script-mode enabled");" is 173.,241,/data/henrique/multiagent_refactoring/project/data/repositories/jsoup/src/main/java/org/jsoup/safety/Safelist.java
jsoup,org.jsoup.safety,Cleaner,createSafeElement,Complex Conditional,The conditional expression !href.isEmpty() && !sourceBase.isEmpty() && href.startsWith(sourceBase) is complex.,179,/data/henrique/multiagent_refactoring/project/data/repositories/jsoup/src/main/java/org/jsoup/safety/Cleaner.java
jsoup,org.jsoup.nodes,Attribute,isValidXmlKey,Complex Conditional,The conditional expression !((c >= 'a' && c <= 'z') || (c >= 'A' && c <= 'Z') || c == '_' || c == ':') is complex.,249,/data/henrique/multiagent_refactoring/project/data/repositories/jsoup/src/main/java/org/jsoup/nodes/Attribute.java
jsoup,org.jsoup.nodes,Attribute,isValidXmlKey,Complex Conditional,The conditional expression !((c >= 'a' && c <= 'z') || (c >= 'A' && c <= 'Z') || (c >= '0' && c <= '9')|| c == '-' || c == '_' || c == ':' || c == '.') is complex.,249,/data/henrique/multiagent_refactoring/project/data/repositories/jsoup/src/main/java/org/jsoup/nodes/Attribute.java
jsoup,org.jsoup.nodes,Attribute,isValidXmlKey,Long Statement,The length of the statement "if (!((c >= 'a' && c <= 'z') || (c >= 'A' && c <= 'Z') || (c >= '0' && c <= '9')|| c == '-' || c == '_' || c == ':' || c == '.')) return false;" is 143.,249,/data/henrique/multiagent_refactoring/project/data/repositories/jsoup/src/main/java/org/jsoup/nodes/Attribute.java
jsoup,org.jsoup.nodes,Attribute,isValidHtmlKey,Complex Conditional,The conditional expression (c <= 0x1f) || (c >= 0x7f && c <= 0x9f) || c == ' ' || c == '"' || c == '\'' || c == '/' || c == '=' is complex.,264,/data/henrique/multiagent_refactoring/project/data/repositories/jsoup/src/main/java/org/jsoup/nodes/Attribute.java
jsoup,org.jsoup.nodes,Attribute,isValidHtmlKey,Magic Number,The method contains a magic number: 0x1f,264,/data/henrique/multiagent_refactoring/project/data/repositories/jsoup/src/main/java/org/jsoup/nodes/Attribute.java
jsoup,org.jsoup.nodes,Attribute,isValidHtmlKey,Magic Number,The method contains a magic number: 0x7f,264,/data/henrique/multiagent_refactoring/project/data/repositories/jsoup/src/main/java/org/jsoup/nodes/Attribute.java
jsoup,org.jsoup.nodes,Attribute,isValidHtmlKey,Magic Number,The method contains a magic number: 0x9f,264,/data/henrique/multiagent_refactoring/project/data/repositories/jsoup/src/main/java/org/jsoup/nodes/Attribute.java
jsoup,org.jsoup.nodes,Attribute,shouldCollapseAttribute,Long Statement,The length of the statement "return (out.syntax() == Syntax.html && (val == null || (val.isEmpty() || val.equalsIgnoreCase(key)) && Attribute.isBooleanAttribute(key)));" is 139.,317,/data/henrique/multiagent_refactoring/project/data/repositories/jsoup/src/main/java/org/jsoup/nodes/Attribute.java
jsoup,org.jsoup.nodes,Attributes,iterator,Long Statement,The length of the statement "if (size != expectedSize) throw new ConcurrentModificationException("Use Iterator#remove() instead to remove attributes while iterating.");" is 139.,426,/data/henrique/multiagent_refactoring/project/data/repositories/jsoup/src/main/java/org/jsoup/nodes/Attributes.java
jsoup,org.jsoup.nodes,Attributes,checkModified,Long Statement,The length of the statement "if (size != expectedSize) throw new ConcurrentModificationException("Use Iterator#remove() instead to remove attributes while iterating.");" is 139.,459,/data/henrique/multiagent_refactoring/project/data/repositories/jsoup/src/main/java/org/jsoup/nodes/Attributes.java
jsoup,org.jsoup.nodes,Attributes,hashCode,Magic Number,The method contains a magic number: 31,548,/data/henrique/multiagent_refactoring/project/data/repositories/jsoup/src/main/java/org/jsoup/nodes/Attributes.java
jsoup,org.jsoup.nodes,Attributes,hashCode,Magic Number,The method contains a magic number: 31,548,/data/henrique/multiagent_refactoring/project/data/repositories/jsoup/src/main/java/org/jsoup/nodes/Attributes.java
jsoup,org.jsoup.nodes,Attributes,deduplicate,Complex Conditional,The conditional expression (preserve && keyI.equals(keys[j])) || (!preserve && keyI.equalsIgnoreCase(keys[j])) is complex.,595,/data/henrique/multiagent_refactoring/project/data/repositories/jsoup/src/main/java/org/jsoup/nodes/Attributes.java
jsoup,org.jsoup.nodes,NodeIterator,findNextNode,Complex Method,Cyclomatic complexity of the method is 10,92,/data/henrique/multiagent_refactoring/project/data/repositories/jsoup/src/main/java/org/jsoup/nodes/NodeIterator.java
jsoup,org.jsoup.nodes,DocumentType,outerHtmlHead,Complex Conditional,The conditional expression out.syntax() == Syntax.html && !has(PublicId) && !has(SystemId) is complex.,80,/data/henrique/multiagent_refactoring/project/data/repositories/jsoup/src/main/java/org/jsoup/nodes/DocumentType.java
jsoup,org.jsoup.nodes,Element,ensureChildNodes,Magic Number,The method contains a magic number: 4,112,/data/henrique/multiagent_refactoring/project/data/repositories/jsoup/src/main/java/org/jsoup/nodes/Element.java
jsoup,org.jsoup.nodes,Element,filterNodes,Long Statement,The length of the statement "return childNodes.stream().filter(clazz::isInstance).map(clazz::cast).collect(Collectors.collectingAndThen(Collectors.toList()`Collections::unmodifiableList));" is 159.,457,/data/henrique/multiagent_refactoring/project/data/repositories/jsoup/src/main/java/org/jsoup/nodes/Element.java
jsoup,org.jsoup.nodes,Element,expectFirst,Long Statement,The length of the statement "return Validate.expectNotNull(Selector.selectFirst(cssQuery`this)`parent() != null ? "No elements matched the query '%s' on element '%s'." : "No elements matched the query '%s' in the document."`cssQuery`this.tagName());" is 220.,593,/data/henrique/multiagent_refactoring/project/data/repositories/jsoup/src/main/java/org/jsoup/nodes/Element.java
jsoup,org.jsoup.nodes,Element,expectFirstNode,Long Statement,The length of the statement "return Validate.expectNotNull(selectFirstNode(cssQuery`type)`parent() != null ? "No nodes matched the query '%s' on element '%s'." : "No nodes matched the query '%s' in the document."`cssQuery`this.tagName());" is 209.,699,/data/henrique/multiagent_refactoring/project/data/repositories/jsoup/src/main/java/org/jsoup/nodes/Element.java
jsoup,org.jsoup.nodes,Element,cssSelectorComponent,Long Statement,The length of the statement "if (parent().select(selector.toString()).size() > 1) selector.append(String.format(":nth-child(%d)"`elementSiblingIndex() + 1));" is 128.,1135,/data/henrique/multiagent_refactoring/project/data/repositories/jsoup/src/main/java/org/jsoup/nodes/Element.java
jsoup,org.jsoup.nodes,Element,preserveWhitespace,Magic Number,The method contains a magic number: 6,1667,/data/henrique/multiagent_refactoring/project/data/repositories/jsoup/src/main/java/org/jsoup/nodes/Element.java
jsoup,org.jsoup.nodes,Element,hasClass,Complex Method,Cyclomatic complexity of the method is 10,1786,/data/henrique/multiagent_refactoring/project/data/repositories/jsoup/src/main/java/org/jsoup/nodes/Element.java
jsoup,org.jsoup.nodes,Element,outerHtmlHead,Complex Conditional,The conditional expression xmlMode && (tag.is(Tag.SeenSelfClose) || (tag.isKnownTag() && (tag.isEmpty() || tag.isSelfClosing()))) is complex.,1923,/data/henrique/multiagent_refactoring/project/data/repositories/jsoup/src/main/java/org/jsoup/nodes/Element.java
jsoup,org.jsoup.nodes,Document,createElement,Long Statement,The length of the statement "return new Element(parser.tagSet().valueOf(tagName`parser.defaultNamespace()`ParseSettings.preserveCase)`searchUpForAttribute(this`BaseUriKey));" is 144.,217,/data/henrique/multiagent_refactoring/project/data/repositories/jsoup/src/main/java/org/jsoup/nodes/Document.java
jsoup,org.jsoup.nodes,FormElement,formData,Complex Method,Cyclomatic complexity of the method is 12,93,/data/henrique/multiagent_refactoring/project/data/repositories/jsoup/src/main/java/org/jsoup/nodes/FormElement.java
jsoup,org.jsoup.nodes,Entities,codepointsForName,Magic Number,The method contains a magic number: 2,131,/data/henrique/multiagent_refactoring/project/data/repositories/jsoup/src/main/java/org/jsoup/nodes/Entities.java
jsoup,org.jsoup.nodes,Entities,doEscape,Complex Method,Cyclomatic complexity of the method is 8,194,/data/henrique/multiagent_refactoring/project/data/repositories/jsoup/src/main/java/org/jsoup/nodes/Entities.java
jsoup,org.jsoup.nodes,Entities,doEscape,Long Parameter List,The method has 5 parameters. ,194,/data/henrique/multiagent_refactoring/project/data/repositories/jsoup/src/main/java/org/jsoup/nodes/Entities.java
jsoup,org.jsoup.nodes,Entities,appendEscaped,Complex Method,Cyclomatic complexity of the method is 15,230,/data/henrique/multiagent_refactoring/project/data/repositories/jsoup/src/main/java/org/jsoup/nodes/Entities.java
jsoup,org.jsoup.nodes,Entities,appendEscaped,Long Parameter List,The method has 6 parameters. ,230,/data/henrique/multiagent_refactoring/project/data/repositories/jsoup/src/main/java/org/jsoup/nodes/Entities.java
jsoup,org.jsoup.nodes,Entities,appendEscaped,Magic Number,The method contains a magic number: 0xA0,230,/data/henrique/multiagent_refactoring/project/data/repositories/jsoup/src/main/java/org/jsoup/nodes/Entities.java
jsoup,org.jsoup.nodes,Entities,appendEscaped,Magic Number,The method contains a magic number: 0x9,230,/data/henrique/multiagent_refactoring/project/data/repositories/jsoup/src/main/java/org/jsoup/nodes/Entities.java
jsoup,org.jsoup.nodes,Entities,appendEscaped,Magic Number,The method contains a magic number: 0xA,230,/data/henrique/multiagent_refactoring/project/data/repositories/jsoup/src/main/java/org/jsoup/nodes/Entities.java
jsoup,org.jsoup.nodes,Entities,appendEscaped,Magic Number,The method contains a magic number: 0xD,230,/data/henrique/multiagent_refactoring/project/data/repositories/jsoup/src/main/java/org/jsoup/nodes/Entities.java
jsoup,org.jsoup.nodes,Entities,appendEscaped,Magic Number,The method contains a magic number: 0x20,230,/data/henrique/multiagent_refactoring/project/data/repositories/jsoup/src/main/java/org/jsoup/nodes/Entities.java
jsoup,org.jsoup.nodes,Entities,canEncode,Magic Number,The method contains a magic number: 0x80,342,/data/henrique/multiagent_refactoring/project/data/repositories/jsoup/src/main/java/org/jsoup/nodes/Entities.java
jsoup,org.jsoup.nodes,Entities,isValidXmlChar,Long Statement,The length of the statement "return (codePoint == 0x9 || codePoint == 0xA || codePoint == 0xD || (codePoint >= 0x20 && codePoint <= 0xD7FF) || (codePoint >= 0xE000 && codePoint <= 0xFFFD) || (codePoint >= 0x10000 && codePoint <= 0x10FFFF));" is 211.,354,/data/henrique/multiagent_refactoring/project/data/repositories/jsoup/src/main/java/org/jsoup/nodes/Entities.java
jsoup,org.jsoup.nodes,Entities,isValidXmlChar,Magic Number,The method contains a magic number: 0x9,354,/data/henrique/multiagent_refactoring/project/data/repositories/jsoup/src/main/java/org/jsoup/nodes/Entities.java
jsoup,org.jsoup.nodes,Entities,isValidXmlChar,Magic Number,The method contains a magic number: 0xA,354,/data/henrique/multiagent_refactoring/project/data/repositories/jsoup/src/main/java/org/jsoup/nodes/Entities.java
jsoup,org.jsoup.nodes,Entities,isValidXmlChar,Magic Number,The method contains a magic number: 0xD,354,/data/henrique/multiagent_refactoring/project/data/repositories/jsoup/src/main/java/org/jsoup/nodes/Entities.java
jsoup,org.jsoup.nodes,Entities,isValidXmlChar,Magic Number,The method contains a magic number: 0x20,354,/data/henrique/multiagent_refactoring/project/data/repositories/jsoup/src/main/java/org/jsoup/nodes/Entities.java
jsoup,org.jsoup.nodes,Entities,isValidXmlChar,Magic Number,The method contains a magic number: 0xD7FF,354,/data/henrique/multiagent_refactoring/project/data/repositories/jsoup/src/main/java/org/jsoup/nodes/Entities.java
jsoup,org.jsoup.nodes,Entities,isValidXmlChar,Magic Number,The method contains a magic number: 0xE000,354,/data/henrique/multiagent_refactoring/project/data/repositories/jsoup/src/main/java/org/jsoup/nodes/Entities.java
jsoup,org.jsoup.nodes,Entities,isValidXmlChar,Magic Number,The method contains a magic number: 0xFFFD,354,/data/henrique/multiagent_refactoring/project/data/repositories/jsoup/src/main/java/org/jsoup/nodes/Entities.java
jsoup,org.jsoup.nodes,Entities,isValidXmlChar,Magic Number,The method contains a magic number: 0x10000,354,/data/henrique/multiagent_refactoring/project/data/repositories/jsoup/src/main/java/org/jsoup/nodes/Entities.java
jsoup,org.jsoup.nodes,Entities,isValidXmlChar,Magic Number,The method contains a magic number: 0x10FFFF,354,/data/henrique/multiagent_refactoring/project/data/repositories/jsoup/src/main/java/org/jsoup/nodes/Entities.java
jsoup,org.jsoup.nodes,Entities,load,Magic Number,The method contains a magic number: 2,384,/data/henrique/multiagent_refactoring/project/data/repositories/jsoup/src/main/java/org/jsoup/nodes/Entities.java
jsoup,org.jsoup.nodes,Node,wrap,Long Statement,The length of the statement "Element context=parentNode != null && parentNode instanceof Element ? (Element)parentNode : this instanceof Element ? (Element)this : null;" is 139.,451,/data/henrique/multiagent_refactoring/project/data/repositories/jsoup/src/main/java/org/jsoup/nodes/Node.java
jsoup,org.jsoup.nodes,Node,addChildren,Complex Method,Cyclomatic complexity of the method is 8,586,/data/henrique/multiagent_refactoring/project/data/repositories/jsoup/src/main/java/org/jsoup/nodes/Node.java
jsoup,org.jsoup.helper,W3CDom,asString,Complex Conditional,The conditional expression doctype.getName().equalsIgnoreCase("html") && StringUtil.isBlank(doctype.getPublicId()) && StringUtil.isBlank(doctype.getSystemId()) is complex.,100,/data/henrique/multiagent_refactoring/project/data/repositories/jsoup/src/main/java/org/jsoup/helper/W3CDom.java
jsoup,org.jsoup.helper,W3CDom,asString,Long Statement,The length of the statement "if (!StringUtil.isBlank(doctype.getPublicId())) transformer.setOutputProperty(OutputKeys.DOCTYPE_PUBLIC`doctype.getPublicId());" is 127.,100,/data/henrique/multiagent_refactoring/project/data/repositories/jsoup/src/main/java/org/jsoup/helper/W3CDom.java
jsoup,org.jsoup.helper,W3CDom,asString,Long Statement,The length of the statement "if (!StringUtil.isBlank(doctype.getSystemId())) transformer.setOutputProperty(OutputKeys.DOCTYPE_SYSTEM`doctype.getSystemId());" is 127.,100,/data/henrique/multiagent_refactoring/project/data/repositories/jsoup/src/main/java/org/jsoup/helper/W3CDom.java
jsoup,org.jsoup.helper,W3CDom,asString,Long Statement,The length of the statement "else if (doctype.getName().equalsIgnoreCase("html") && StringUtil.isBlank(doctype.getPublicId()) && StringUtil.isBlank(doctype.getSystemId())) transformer.setOutputProperty(OutputKeys.DOCTYPE_SYSTEM`"about:legacy-compat");" is 222.,100,/data/henrique/multiagent_refactoring/project/data/repositories/jsoup/src/main/java/org/jsoup/helper/W3CDom.java
jsoup,org.jsoup.helper,W3CDom,fromJsoup,Empty catch clause,The method has an empty catch block.,185,/data/henrique/multiagent_refactoring/project/data/repositories/jsoup/src/main/java/org/jsoup/helper/W3CDom.java
jsoup,org.jsoup.helper,UrlConnectionExecutor,createConnection,Complex Method,Cyclomatic complexity of the method is 8,79,/data/henrique/multiagent_refactoring/project/data/repositories/jsoup/src/main/java/org/jsoup/helper/UrlConnectionExecutor.java
jsoup,org.jsoup.helper,UrlConnectionExecutor,createConnection,Long Statement,The length of the statement "final HttpURLConnection conn=(HttpURLConnection)(proxy == null ? req.url().openConnection() : req.url().openConnection(proxy));" is 127.,79,/data/henrique/multiagent_refactoring/project/data/repositories/jsoup/src/main/java/org/jsoup/helper/UrlConnectionExecutor.java
jsoup,org.jsoup.helper,UrlConnectionExecutor,createConnection,Magic Number,The method contains a magic number: 2,79,/data/henrique/multiagent_refactoring/project/data/repositories/jsoup/src/main/java/org/jsoup/helper/UrlConnectionExecutor.java
jsoup,org.jsoup.helper,AuthenticationHandler,getPasswordAuthentication,Long Statement,The length of the statement "RequestAuthenticator.Context ctx=new RequestAuthenticator.Context(this.getRequestingURL()`this.getRequestorType()`this.getRequestingPrompt());" is 142.,40,/data/henrique/multiagent_refactoring/project/data/repositories/jsoup/src/main/java/org/jsoup/helper/AuthenticationHandler.java
jsoup,org.jsoup.helper,HttpConnection,url,Long Statement,The length of the statement "throw new IllegalArgumentException(String.format("The supplied URL` '%s'` is malformed. Make sure it is an absolute URL` and starts with 'http://' or 'https://'. See https://jsoup.org/cookbook/extracting-data/working-with-urls"`url)`e);" is 236.,142,/data/henrique/multiagent_refactoring/project/data/repositories/jsoup/src/main/java/org/jsoup/helper/HttpConnection.java
jsoup,org.jsoup.helper,HttpConnection,data,Magic Number,The method contains a magic number: 2,254,/data/henrique/multiagent_refactoring/project/data/repositories/jsoup/src/main/java/org/jsoup/helper/HttpConnection.java
jsoup,org.jsoup.helper,HttpConnection,data,Magic Number,The method contains a magic number: 2,254,/data/henrique/multiagent_refactoring/project/data/repositories/jsoup/src/main/java/org/jsoup/helper/HttpConnection.java
jsoup,org.jsoup.helper,Regex,hasRe2j,Empty catch clause,The method has an empty catch block.,68,/data/henrique/multiagent_refactoring/project/data/repositories/jsoup/src/main/java/org/jsoup/helper/Regex.java
jsoup,org.jsoup.helper,UrlBuilder,appendToAscii,Complex Conditional,The conditional expression i < s.length() - 2 && isHex(s.charAt(i + 1)) && isHex(s.charAt(i + 2)) is complex.,86,/data/henrique/multiagent_refactoring/project/data/repositories/jsoup/src/main/java/org/jsoup/helper/UrlBuilder.java
jsoup,org.jsoup.helper,UrlBuilder,appendToAscii,Magic Number,The method contains a magic number: 2,86,/data/henrique/multiagent_refactoring/project/data/repositories/jsoup/src/main/java/org/jsoup/helper/UrlBuilder.java
jsoup,org.jsoup.helper,UrlBuilder,appendToAscii,Magic Number,The method contains a magic number: 2,86,/data/henrique/multiagent_refactoring/project/data/repositories/jsoup/src/main/java/org/jsoup/helper/UrlBuilder.java
jsoup,org.jsoup.helper,UrlBuilder,appendToAscii,Magic Number,The method contains a magic number: 2,86,/data/henrique/multiagent_refactoring/project/data/repositories/jsoup/src/main/java/org/jsoup/helper/UrlBuilder.java
jsoup,org.jsoup.helper,UrlBuilder,appendToAscii,Magic Number,The method contains a magic number: 2,86,/data/henrique/multiagent_refactoring/project/data/repositories/jsoup/src/main/java/org/jsoup/helper/UrlBuilder.java
jsoup,org.jsoup.helper,UrlBuilder,appendToAscii,Magic Number,The method contains a magic number: 127,86,/data/henrique/multiagent_refactoring/project/data/repositories/jsoup/src/main/java/org/jsoup/helper/UrlBuilder.java
jsoup,org.jsoup.helper,UrlBuilder,appendToAscii,Magic Number,The method contains a magic number: 2,86,/data/henrique/multiagent_refactoring/project/data/repositories/jsoup/src/main/java/org/jsoup/helper/UrlBuilder.java
jsoup,org.jsoup.helper,DataUtil,openStream,Magic Number,The method contains a magic number: 0x1f,153,/data/henrique/multiagent_refactoring/project/data/repositories/jsoup/src/main/java/org/jsoup/helper/DataUtil.java
jsoup,org.jsoup.helper,DataUtil,openStream,Magic Number,The method contains a magic number: 0x8b,153,/data/henrique/multiagent_refactoring/project/data/repositories/jsoup/src/main/java/org/jsoup/helper/DataUtil.java
jsoup,org.jsoup.helper,DataUtil,detectCharset,Complex Method,Cyclomatic complexity of the method is 15,240,/data/henrique/multiagent_refactoring/project/data/repositories/jsoup/src/main/java/org/jsoup/helper/DataUtil.java
jsoup,org.jsoup.helper,DataUtil,detectCharset,Long Statement,The length of the statement "Validate.notEmpty(charsetName`"Must set charset arg to character set of file to parse. Set to null to attempt to detect from HTML");" is 132.,240,/data/henrique/multiagent_refactoring/project/data/repositories/jsoup/src/main/java/org/jsoup/helper/DataUtil.java
jsoup,org.jsoup.helper,DataUtil,validateCharset,Empty catch clause,The method has an empty catch block.,369,/data/henrique/multiagent_refactoring/project/data/repositories/jsoup/src/main/java/org/jsoup/helper/DataUtil.java
jsoup,org.jsoup.helper,DataUtil,detectCharsetFromBom,Complex Conditional,The conditional expression bom[0] == 0x00 && bom[1] == 0x00 && bom[2] == (byte)0xFE && bom[3] == (byte)0xFF || bom[0] == (byte)0xFF && bom[1] == (byte)0xFE && bom[2] == 0x00 && bom[3] == 0x00 is complex.,394,/data/henrique/multiagent_refactoring/project/data/repositories/jsoup/src/main/java/org/jsoup/helper/DataUtil.java
jsoup,org.jsoup.helper,DataUtil,detectCharsetFromBom,Complex Conditional,The conditional expression bom[0] == (byte)0xFE && bom[1] == (byte)0xFF || bom[0] == (byte)0xFF && bom[1] == (byte)0xFE is complex.,394,/data/henrique/multiagent_refactoring/project/data/repositories/jsoup/src/main/java/org/jsoup/helper/DataUtil.java
jsoup,org.jsoup.helper,DataUtil,detectCharsetFromBom,Complex Conditional,The conditional expression bom[0] == (byte)0xEF && bom[1] == (byte)0xBB && bom[2] == (byte)0xBF is complex.,394,/data/henrique/multiagent_refactoring/project/data/repositories/jsoup/src/main/java/org/jsoup/helper/DataUtil.java
jsoup,org.jsoup.helper,DataUtil,detectCharsetFromBom,Long Statement,The length of the statement "if (bom[0] == 0x00 && bom[1] == 0x00 && bom[2] == (byte)0xFE && bom[3] == (byte)0xFF || bom[0] == (byte)0xFF && bom[1] == (byte)0xFE && bom[2] == 0x00 && bom[3] == 0x00) {" is 171.,394,/data/henrique/multiagent_refactoring/project/data/repositories/jsoup/src/main/java/org/jsoup/helper/DataUtil.java
jsoup,org.jsoup.helper,DataUtil,detectCharsetFromBom,Magic Number,The method contains a magic number: 4,394,/data/henrique/multiagent_refactoring/project/data/repositories/jsoup/src/main/java/org/jsoup/helper/DataUtil.java
jsoup,org.jsoup.helper,DataUtil,detectCharsetFromBom,Magic Number,The method contains a magic number: 4,394,/data/henrique/multiagent_refactoring/project/data/repositories/jsoup/src/main/java/org/jsoup/helper/DataUtil.java
jsoup,org.jsoup.helper,DataUtil,detectCharsetFromBom,Magic Number,The method contains a magic number: 2,394,/data/henrique/multiagent_refactoring/project/data/repositories/jsoup/src/main/java/org/jsoup/helper/DataUtil.java
jsoup,org.jsoup.helper,DataUtil,detectCharsetFromBom,Magic Number,The method contains a magic number: 0xFE,394,/data/henrique/multiagent_refactoring/project/data/repositories/jsoup/src/main/java/org/jsoup/helper/DataUtil.java
jsoup,org.jsoup.helper,DataUtil,detectCharsetFromBom,Magic Number,The method contains a magic number: 3,394,/data/henrique/multiagent_refactoring/project/data/repositories/jsoup/src/main/java/org/jsoup/helper/DataUtil.java
jsoup,org.jsoup.helper,DataUtil,detectCharsetFromBom,Magic Number,The method contains a magic number: 0xFF,394,/data/henrique/multiagent_refactoring/project/data/repositories/jsoup/src/main/java/org/jsoup/helper/DataUtil.java
jsoup,org.jsoup.helper,DataUtil,detectCharsetFromBom,Magic Number,The method contains a magic number: 0xFF,394,/data/henrique/multiagent_refactoring/project/data/repositories/jsoup/src/main/java/org/jsoup/helper/DataUtil.java
jsoup,org.jsoup.helper,DataUtil,detectCharsetFromBom,Magic Number,The method contains a magic number: 0xFE,394,/data/henrique/multiagent_refactoring/project/data/repositories/jsoup/src/main/java/org/jsoup/helper/DataUtil.java
jsoup,org.jsoup.helper,DataUtil,detectCharsetFromBom,Magic Number,The method contains a magic number: 2,394,/data/henrique/multiagent_refactoring/project/data/repositories/jsoup/src/main/java/org/jsoup/helper/DataUtil.java
jsoup,org.jsoup.helper,DataUtil,detectCharsetFromBom,Magic Number,The method contains a magic number: 3,394,/data/henrique/multiagent_refactoring/project/data/repositories/jsoup/src/main/java/org/jsoup/helper/DataUtil.java
jsoup,org.jsoup.helper,DataUtil,detectCharsetFromBom,Magic Number,The method contains a magic number: 0xFE,394,/data/henrique/multiagent_refactoring/project/data/repositories/jsoup/src/main/java/org/jsoup/helper/DataUtil.java
jsoup,org.jsoup.helper,DataUtil,detectCharsetFromBom,Magic Number,The method contains a magic number: 0xFF,394,/data/henrique/multiagent_refactoring/project/data/repositories/jsoup/src/main/java/org/jsoup/helper/DataUtil.java
jsoup,org.jsoup.helper,DataUtil,detectCharsetFromBom,Magic Number,The method contains a magic number: 0xFF,394,/data/henrique/multiagent_refactoring/project/data/repositories/jsoup/src/main/java/org/jsoup/helper/DataUtil.java
jsoup,org.jsoup.helper,DataUtil,detectCharsetFromBom,Magic Number,The method contains a magic number: 0xFE,394,/data/henrique/multiagent_refactoring/project/data/repositories/jsoup/src/main/java/org/jsoup/helper/DataUtil.java
jsoup,org.jsoup.helper,DataUtil,detectCharsetFromBom,Magic Number,The method contains a magic number: 0xEF,394,/data/henrique/multiagent_refactoring/project/data/repositories/jsoup/src/main/java/org/jsoup/helper/DataUtil.java
jsoup,org.jsoup.helper,DataUtil,detectCharsetFromBom,Magic Number,The method contains a magic number: 0xBB,394,/data/henrique/multiagent_refactoring/project/data/repositories/jsoup/src/main/java/org/jsoup/helper/DataUtil.java
jsoup,org.jsoup.helper,DataUtil,detectCharsetFromBom,Magic Number,The method contains a magic number: 2,394,/data/henrique/multiagent_refactoring/project/data/repositories/jsoup/src/main/java/org/jsoup/helper/DataUtil.java
jsoup,org.jsoup.helper,DataUtil,detectCharsetFromBom,Magic Number,The method contains a magic number: 0xBF,394,/data/henrique/multiagent_refactoring/project/data/repositories/jsoup/src/main/java/org/jsoup/helper/DataUtil.java
jsoup,org.jsoup.helper,DataUtil,detectCharsetFromBom,Magic Number,The method contains a magic number: 3,394,/data/henrique/multiagent_refactoring/project/data/repositories/jsoup/src/main/java/org/jsoup/helper/DataUtil.java
jsoup,org.jsoup.helper,Validate,notEmptyParam,Long Statement,The length of the statement "if (string == null || string.length() == 0) throw new ValidationException(String.format("The '%s' parameter must not be empty."`param));" is 136.,180,/data/henrique/multiagent_refactoring/project/data/repositories/jsoup/src/main/java/org/jsoup/helper/Validate.java
jsoup,org.jsoup.helper,HttpClientExecutor,StatusMessage,Magic Number,The method contains a magic number: 400,121,/data/henrique/multiagent_refactoring/project/data/repositories/jsoup/src/main/java11/org/jsoup/helper/HttpClientExecutor.java
jsoup,org.jsoup.helper,HttpClientExecutor,StatusMessage,Magic Number,The method contains a magic number: 404,121,/data/henrique/multiagent_refactoring/project/data/repositories/jsoup/src/main/java11/org/jsoup/helper/HttpClientExecutor.java
jsoup,org.jsoup.helper,HttpClientExecutor,safeClose,Empty catch clause,The method has an empty catch block.,136,/data/henrique/multiagent_refactoring/project/data/repositories/jsoup/src/main/java11/org/jsoup/helper/HttpClientExecutor.java
jsoup,org.jsoup.select,Elements,expectFirst,Long Statement,The length of the statement "return Validate.expectNotNull(Selector.selectFirst(cssQuery`this)`"No elements matched the query '%s' in the elements."`cssQuery);" is 130.,457,/data/henrique/multiagent_refactoring/project/data/repositories/jsoup/src/main/java/org/jsoup/select/Elements.java
jsoup,org.jsoup.select,Evaluator,cost,Magic Number,The method contains a magic number: 5,82,/data/henrique/multiagent_refactoring/project/data/repositories/jsoup/src/main/java/org/jsoup/select/Evaluator.java
jsoup,org.jsoup.select,NodeTraversor,traverse,Complex Method,Cyclomatic complexity of the method is 14,17,/data/henrique/multiagent_refactoring/project/data/repositories/jsoup/src/main/java/org/jsoup/select/NodeTraversor.java
jsoup,org.jsoup.select,NodeTraversor,filter,Complex Method,Cyclomatic complexity of the method is 13,94,/data/henrique/multiagent_refactoring/project/data/repositories/jsoup/src/main/java/org/jsoup/select/NodeTraversor.java
jsoup,org.jsoup.select,QueryParser,parse,Long Statement,The length of the statement "if (!tq.isEmpty()) throw new Selector.SelectorParseException("Could not parse query '%s': unexpected token at '%s'"`query`tq.remainder());" is 138.,62,/data/henrique/multiagent_refactoring/project/data/repositories/jsoup/src/main/java/org/jsoup/select/QueryParser.java
jsoup,org.jsoup.select,QueryParser,parseSimpleSequence,Long Statement,The length of the statement "if (left == null) throw new Selector.SelectorParseException("Could not parse query '%s': unexpected token at '%s'"`query`tq.remainder());" is 137.,126,/data/henrique/multiagent_refactoring/project/data/repositories/jsoup/src/main/java/org/jsoup/select/QueryParser.java
jsoup,org.jsoup.select,QueryParser,combinator,Long Statement,The length of the statement "case '>': ImmediateParentRun run=left instanceof ImmediateParentRun ? (ImmediateParentRun)left : new ImmediateParentRun(left);" is 126.,151,/data/henrique/multiagent_refactoring/project/data/repositories/jsoup/src/main/java/org/jsoup/select/QueryParser.java
jsoup,org.jsoup.select,QueryParser,parsePseudoSelector,Complex Method,Cyclomatic complexity of the method is 30,198,/data/henrique/multiagent_refactoring/project/data/repositories/jsoup/src/main/java/org/jsoup/select/QueryParser.java
jsoup,org.jsoup.select,QueryParser,parsePseudoSelector,Long Statement,The length of the statement "default:throw new Selector.SelectorParseException("Could not parse query '%s': unexpected token at '%s'"`query`tq.remainder());" is 127.,198,/data/henrique/multiagent_refactoring/project/data/repositories/jsoup/src/main/java/org/jsoup/select/QueryParser.java
jsoup,org.jsoup.select,QueryParser,parseNodeSelector,Complex Method,Cyclomatic complexity of the method is 8,265,/data/henrique/multiagent_refactoring/project/data/repositories/jsoup/src/main/java/org/jsoup/select/QueryParser.java
jsoup,org.jsoup.select,QueryParser,byTag,Magic Number,The method contains a magic number: 2,316,/data/henrique/multiagent_refactoring/project/data/repositories/jsoup/src/main/java/org/jsoup/select/QueryParser.java
jsoup,org.jsoup.select,QueryParser,byTag,Magic Number,The method contains a magic number: 2,316,/data/henrique/multiagent_refactoring/project/data/repositories/jsoup/src/main/java/org/jsoup/select/QueryParser.java
jsoup,org.jsoup.select,QueryParser,evaluatorForAttribute,Complex Method,Cyclomatic complexity of the method is 10,346,/data/henrique/multiagent_refactoring/project/data/repositories/jsoup/src/main/java/org/jsoup/select/QueryParser.java
jsoup,org.jsoup.select,QueryParser,evaluatorForAttribute,Long Statement,The length of the statement "else throw new Selector.SelectorParseException("Could not parse attribute query '%s': unexpected token at '%s'"`query`cq.remainder());" is 134.,346,/data/henrique/multiagent_refactoring/project/data/repositories/jsoup/src/main/java/org/jsoup/select/QueryParser.java
jsoup,org.jsoup.select,QueryParser,cssNthChild,Long Statement,The length of the statement "return ofType ? (last ? new Evaluator.IsNthLastOfType(step`offset) : new Evaluator.IsNthOfType(step`offset)) : (last ? new Evaluator.IsNthLastChild(step`offset) : new Evaluator.IsNthChild(step`offset));" is 202.,385,/data/henrique/multiagent_refactoring/project/data/repositories/jsoup/src/main/java/org/jsoup/select/QueryParser.java
jsoup,org.jsoup.select,QueryParser,cssNthChild,Magic Number,The method contains a magic number: 2,385,/data/henrique/multiagent_refactoring/project/data/repositories/jsoup/src/main/java/org/jsoup/select/QueryParser.java
jsoup,org.jsoup.select,QueryParser,cssNthChild,Magic Number,The method contains a magic number: 2,385,/data/henrique/multiagent_refactoring/project/data/repositories/jsoup/src/main/java/org/jsoup/select/QueryParser.java
jsoup,org.jsoup.select,QueryParser,cssNthChild,Magic Number,The method contains a magic number: 3,385,/data/henrique/multiagent_refactoring/project/data/repositories/jsoup/src/main/java/org/jsoup/select/QueryParser.java
jsoup,org.jsoup.select,QueryParser,cssNthChild,Magic Number,The method contains a magic number: 2,385,/data/henrique/multiagent_refactoring/project/data/repositories/jsoup/src/main/java/org/jsoup/select/QueryParser.java
jsoup,org.jsoup.select,QueryParser,cssNthChild,Magic Number,The method contains a magic number: 4,385,/data/henrique/multiagent_refactoring/project/data/repositories/jsoup/src/main/java/org/jsoup/select/QueryParser.java
jsoup,org.jsoup.select,QueryParser,cssNthChild,Magic Number,The method contains a magic number: 4,385,/data/henrique/multiagent_refactoring/project/data/repositories/jsoup/src/main/java/org/jsoup/select/QueryParser.java
jsoup,org.jsoup.select,EvaluatorDebug,asDocument,Magic Number,The method contains a magic number: 2,10,/data/henrique/multiagent_refactoring/project/data/repositories/jsoup/src/test/java/org/jsoup/select/EvaluatorDebug.java
jsoup,org.jsoup.select,StructuralEvaluatorTest,selectorMemoData,Long Statement,The length of the statement "return Stream.of(Arguments.of("div:not(.b)"`true)`Arguments.of("div p"`true)`Arguments.of("span ~ a"`true)`Arguments.of("span + a"`true)`Arguments.of("div > span > a"`false)`Arguments.of("div:has(p)"`false));" is 208.,67,/data/henrique/multiagent_refactoring/project/data/repositories/jsoup/src/test/java/org/jsoup/select/StructuralEvaluatorTest.java
jsoup,org.jsoup.parser,Tokeniser,consumeCharacterReference,Complex Conditional,The conditional expression inAttribute && (reader.matchesAsciiAlpha() || reader.matchesDigit() || reader.matchesAny('='`'-'`'_')) is complex.,134,/data/henrique/multiagent_refactoring/project/data/repositories/jsoup/src/main/java/org/jsoup/parser/Tokeniser.java
jsoup,org.jsoup.parser,Tokeniser,consumeCharacterReference,Complex Method,Cyclomatic complexity of the method is 17,134,/data/henrique/multiagent_refactoring/project/data/repositories/jsoup/src/main/java/org/jsoup/parser/Tokeniser.java
jsoup,org.jsoup.parser,Tokeniser,consumeCharacterReference,Empty catch clause,The method has an empty catch block.,134,/data/henrique/multiagent_refactoring/project/data/repositories/jsoup/src/main/java/org/jsoup/parser/Tokeniser.java
jsoup,org.jsoup.parser,Tokeniser,consumeCharacterReference,Magic Number,The method contains a magic number: 16,134,/data/henrique/multiagent_refactoring/project/data/repositories/jsoup/src/main/java/org/jsoup/parser/Tokeniser.java
jsoup,org.jsoup.parser,Tokeniser,consumeCharacterReference,Magic Number,The method contains a magic number: 10,134,/data/henrique/multiagent_refactoring/project/data/repositories/jsoup/src/main/java/org/jsoup/parser/Tokeniser.java
jsoup,org.jsoup.parser,Tokeniser,consumeCharacterReference,Magic Number,The method contains a magic number: 0x10FFFF,134,/data/henrique/multiagent_refactoring/project/data/repositories/jsoup/src/main/java/org/jsoup/parser/Tokeniser.java
jsoup,org.jsoup.parser,Tokeniser,consumeCharacterReference,Magic Number,The method contains a magic number: 2,134,/data/henrique/multiagent_refactoring/project/data/repositories/jsoup/src/main/java/org/jsoup/parser/Tokeniser.java
jsoup,org.jsoup.parser,Tokeniser,error,Long Statement,The length of the statement "if (errors.canAddError()) errors.add(new ParseError(reader`"Unexpected character '%s' in input state [%s]"`reader.current()`state));" is 132.,278,/data/henrique/multiagent_refactoring/project/data/repositories/jsoup/src/main/java/org/jsoup/parser/Tokeniser.java
jsoup,org.jsoup.parser,Tokeniser,eofError,Long Statement,The length of the statement "if (errors.canAddError()) errors.add(new ParseError(reader`"Unexpectedly reached end of file (EOF) in input state [%s]"`state));" is 128.,283,/data/henrique/multiagent_refactoring/project/data/repositories/jsoup/src/main/java/org/jsoup/parser/Tokeniser.java
jsoup,org.jsoup.parser,Tokeniser,characterReferenceError,Long Statement,The length of the statement "if (errors.canAddError()) errors.add(new ParseError(reader`String.format("Invalid character reference: " + message`args)));" is 123.,288,/data/henrique/multiagent_refactoring/project/data/repositories/jsoup/src/main/java/org/jsoup/parser/Tokeniser.java
jsoup,org.jsoup.parser,Tokeniser,unescapeEntities,Magic Number,The method contains a magic number: 2,303,/data/henrique/multiagent_refactoring/project/data/repositories/jsoup/src/main/java/org/jsoup/parser/Tokeniser.java
jsoup,org.jsoup.parser,Parser,Parser,Abstract Function Call From Constructor,The constructor Parser calls a virtual method defaultSettings.,35,/data/henrique/multiagent_refactoring/project/data/repositories/jsoup/src/main/java/org/jsoup/parser/Parser.java
jsoup,org.jsoup.parser,Parser,Parser,Abstract Function Call From Constructor,The constructor Parser calls a virtual method newInstance.,60,/data/henrique/multiagent_refactoring/project/data/repositories/jsoup/src/main/java/org/jsoup/parser/Parser.java
jsoup,org.jsoup.parser,StreamParser,stream,Long Statement,The length of the statement "return StreamSupport.stream(Spliterators.spliteratorUnknownSize(it`Spliterator.DISTINCT | Spliterator.NONNULL | Spliterator.ORDERED)`false);" is 140.,124,/data/henrique/multiagent_refactoring/project/data/repositories/jsoup/src/main/java/org/jsoup/parser/StreamParser.java
jsoup,org.jsoup.parser,CharacterReader,close,Empty catch clause,The method has an empty catch block.,63,/data/henrique/multiagent_refactoring/project/data/repositories/jsoup/src/main/java/org/jsoup/parser/CharacterReader.java
jsoup,org.jsoup.parser,CharacterReader,bufferUp,Complex Conditional,The conditional expression readFully || bufPos < fillPoint || bufMark != -1 is complex.,80,/data/henrique/multiagent_refactoring/project/data/repositories/jsoup/src/main/java/org/jsoup/parser/CharacterReader.java
jsoup,org.jsoup.parser,CharacterReader,trackNewlines,Magic Number,The method contains a magic number: 80,159,/data/henrique/multiagent_refactoring/project/data/repositories/jsoup/src/main/java/org/jsoup/parser/CharacterReader.java
jsoup,org.jsoup.parser,CharacterReader,lineNumIndex,Magic Number,The method contains a magic number: 2,238,/data/henrique/multiagent_refactoring/project/data/repositories/jsoup/src/main/java/org/jsoup/parser/CharacterReader.java
jsoup,org.jsoup.parser,CharacterReader,consumeTagName,Complex Method,Cyclomatic complexity of the method is 8,461,/data/henrique/multiagent_refactoring/project/data/repositories/jsoup/src/main/java/org/jsoup/parser/CharacterReader.java
jsoup,org.jsoup.parser,CharacterReader,consumeTagName,Missing default,The following switch statement is missing a default case: switch (c) {,461,/data/henrique/multiagent_refactoring/project/data/repositories/jsoup/src/main/java/org/jsoup/parser/CharacterReader.java
jsoup,org.jsoup.parser,CharacterReader,cacheString,Magic Number,The method contains a magic number: 31,636,/data/henrique/multiagent_refactoring/project/data/repositories/jsoup/src/main/java/org/jsoup/parser/CharacterReader.java
jsoup,org.jsoup.parser,TokeniserState,read,Complex Method,Cyclomatic complexity of the method is 10,152,/data/henrique/multiagent_refactoring/project/data/repositories/jsoup/src/main/java/org/jsoup/parser/TokeniserState.java
jsoup,org.jsoup.parser,TokeniserState,read,Complex Conditional,The conditional expression r.readFully() && r.matchesAsciiAlpha() && t.appropriateEndTagName() != null && !r.containsIgnoreCase(t.appropriateEndTagSeq()) is complex.,187,/data/henrique/multiagent_refactoring/project/data/repositories/jsoup/src/main/java/org/jsoup/parser/TokeniserState.java
jsoup,org.jsoup.parser,TokeniserState,read,Long Statement,The length of the statement "else if (r.readFully() && r.matchesAsciiAlpha() && t.appropriateEndTagName() != null && !r.containsIgnoreCase(t.appropriateEndTagSeq())) {" is 138.,187,/data/henrique/multiagent_refactoring/project/data/repositories/jsoup/src/main/java/org/jsoup/parser/TokeniserState.java
jsoup,org.jsoup.parser,TokeniserState,read,Complex Method,Cyclomatic complexity of the method is 12,217,/data/henrique/multiagent_refactoring/project/data/repositories/jsoup/src/main/java/org/jsoup/parser/TokeniserState.java
jsoup,org.jsoup.parser,TokeniserState,read,Complex Method,Cyclomatic complexity of the method is 15,565,/data/henrique/multiagent_refactoring/project/data/repositories/jsoup/src/main/java/org/jsoup/parser/TokeniserState.java
jsoup,org.jsoup.parser,TokeniserState,read,Complex Method,Cyclomatic complexity of the method is 15,612,/data/henrique/multiagent_refactoring/project/data/repositories/jsoup/src/main/java/org/jsoup/parser/TokeniserState.java
jsoup,org.jsoup.parser,TokeniserState,read,Complex Method,Cyclomatic complexity of the method is 14,658,/data/henrique/multiagent_refactoring/project/data/repositories/jsoup/src/main/java/org/jsoup/parser/TokeniserState.java
jsoup,org.jsoup.parser,TokeniserState,read,Complex Method,Cyclomatic complexity of the method is 15,703,/data/henrique/multiagent_refactoring/project/data/repositories/jsoup/src/main/java/org/jsoup/parser/TokeniserState.java
jsoup,org.jsoup.parser,TokeniserState,read,Complex Method,Cyclomatic complexity of the method is 17,822,/data/henrique/multiagent_refactoring/project/data/repositories/jsoup/src/main/java/org/jsoup/parser/TokeniserState.java
jsoup,org.jsoup.parser,TokeniserState,read,Complex Method,Cyclomatic complexity of the method is 11,873,/data/henrique/multiagent_refactoring/project/data/repositories/jsoup/src/main/java/org/jsoup/parser/TokeniserState.java
jsoup,org.jsoup.parser,TokeniserState,read,Complex Method,Cyclomatic complexity of the method is 8,1137,/data/henrique/multiagent_refactoring/project/data/repositories/jsoup/src/main/java/org/jsoup/parser/TokeniserState.java
jsoup,org.jsoup.parser,TokeniserState,read,Complex Method,Cyclomatic complexity of the method is 9,1164,/data/henrique/multiagent_refactoring/project/data/repositories/jsoup/src/main/java/org/jsoup/parser/TokeniserState.java
jsoup,org.jsoup.parser,TokeniserState,read,Complex Method,Cyclomatic complexity of the method is 10,1199,/data/henrique/multiagent_refactoring/project/data/repositories/jsoup/src/main/java/org/jsoup/parser/TokeniserState.java
jsoup,org.jsoup.parser,TokeniserState,read,Complex Method,Cyclomatic complexity of the method is 10,1262,/data/henrique/multiagent_refactoring/project/data/repositories/jsoup/src/main/java/org/jsoup/parser/TokeniserState.java
jsoup,org.jsoup.parser,TokeniserState,read,Complex Method,Cyclomatic complexity of the method is 10,1302,/data/henrique/multiagent_refactoring/project/data/repositories/jsoup/src/main/java/org/jsoup/parser/TokeniserState.java
jsoup,org.jsoup.parser,TokeniserState,read,Complex Method,Cyclomatic complexity of the method is 10,1395,/data/henrique/multiagent_refactoring/project/data/repositories/jsoup/src/main/java/org/jsoup/parser/TokeniserState.java
jsoup,org.jsoup.parser,TokeniserState,read,Complex Method,Cyclomatic complexity of the method is 10,1433,/data/henrique/multiagent_refactoring/project/data/repositories/jsoup/src/main/java/org/jsoup/parser/TokeniserState.java
jsoup,org.jsoup.parser,TokeniserState,read,Complex Method,Cyclomatic complexity of the method is 10,1470,/data/henrique/multiagent_refactoring/project/data/repositories/jsoup/src/main/java/org/jsoup/parser/TokeniserState.java
jsoup,org.jsoup.parser,TokeniserState,read,Complex Method,Cyclomatic complexity of the method is 10,1510,/data/henrique/multiagent_refactoring/project/data/repositories/jsoup/src/main/java/org/jsoup/parser/TokeniserState.java
jsoup,org.jsoup.parser,TokeniserState,read,Complex Method,Cyclomatic complexity of the method is 8,1603,/data/henrique/multiagent_refactoring/project/data/repositories/jsoup/src/main/java/org/jsoup/parser/TokeniserState.java
jsoup,org.jsoup.parser,TokeniserState,handleDataEndTag,Complex Method,Cyclomatic complexity of the method is 11,1670,/data/henrique/multiagent_refactoring/project/data/repositories/jsoup/src/main/java/org/jsoup/parser/TokeniserState.java
jsoup,org.jsoup.parser,TokeniserState,handleDataDoubleEscapeTag,Complex Method,Cyclomatic complexity of the method is 10,1754,/data/henrique/multiagent_refactoring/project/data/repositories/jsoup/src/main/java/org/jsoup/parser/TokeniserState.java
jsoup,org.jsoup.parser,TokeniserState,handleDataDoubleEscapeTag,Long Statement,The length of the statement "case '\t':case '\n':case '\r':case '\f':case ' ':case '/':case '>': if (t.dataBuffer.value().equals("script")) t.transition(primary);" is 133.,1754,/data/henrique/multiagent_refactoring/project/data/repositories/jsoup/src/main/java/org/jsoup/parser/TokeniserState.java
jsoup,org.jsoup.parser,HtmlTreeBuilderState,process,Complex Conditional,The conditional expression d.isForceQuirks() || !doctype.name().equals("html") || doctype.publicId().equalsIgnoreCase("HTML") is complex.,25,/data/henrique/multiagent_refactoring/project/data/repositories/jsoup/src/main/java/org/jsoup/parser/HtmlTreeBuilderState.java
jsoup,org.jsoup.parser,HtmlTreeBuilderState,process,Long Statement,The length of the statement "DocumentType doctype=new DocumentType(tb.settings.normalizeTag(d.getName())`d.getPublicIdentifier()`d.getSystemIdentifier());" is 125.,25,/data/henrique/multiagent_refactoring/project/data/repositories/jsoup/src/main/java/org/jsoup/parser/HtmlTreeBuilderState.java
jsoup,org.jsoup.parser,HtmlTreeBuilderState,process,Long Statement,The length of the statement "if (d.isForceQuirks() || !doctype.name().equals("html") || doctype.publicId().equalsIgnoreCase("HTML")) tb.getDocument().quirksMode(Document.QuirksMode.quirks);" is 160.,25,/data/henrique/multiagent_refactoring/project/data/repositories/jsoup/src/main/java/org/jsoup/parser/HtmlTreeBuilderState.java
jsoup,org.jsoup.parser,HtmlTreeBuilderState,process,Complex Method,Cyclomatic complexity of the method is 8,81,/data/henrique/multiagent_refactoring/project/data/repositories/jsoup/src/main/java/org/jsoup/parser/HtmlTreeBuilderState.java
jsoup,org.jsoup.parser,HtmlTreeBuilderState,process,Complex Method,Cyclomatic complexity of the method is 21,109,/data/henrique/multiagent_refactoring/project/data/repositories/jsoup/src/main/java/org/jsoup/parser/HtmlTreeBuilderState.java
jsoup,org.jsoup.parser,HtmlTreeBuilderState,process,Complex Conditional,The conditional expression isWhitespace(t) || t.isComment() || (t.isStartTag() && inSorted(t.asStartTag().normalName()`InHeadNoScriptHead)) is complex.,198,/data/henrique/multiagent_refactoring/project/data/repositories/jsoup/src/main/java/org/jsoup/parser/HtmlTreeBuilderState.java
jsoup,org.jsoup.parser,HtmlTreeBuilderState,process,Complex Conditional,The conditional expression (t.isStartTag() && inSorted(t.asStartTag().normalName()`InHeadNoscriptIgnore)) || t.isEndTag() is complex.,198,/data/henrique/multiagent_refactoring/project/data/repositories/jsoup/src/main/java/org/jsoup/parser/HtmlTreeBuilderState.java
jsoup,org.jsoup.parser,HtmlTreeBuilderState,process,Long Statement,The length of the statement "else if (isWhitespace(t) || t.isComment() || (t.isStartTag() && inSorted(t.asStartTag().normalName()`InHeadNoScriptHead))) {" is 124.,198,/data/henrique/multiagent_refactoring/project/data/repositories/jsoup/src/main/java/org/jsoup/parser/HtmlTreeBuilderState.java
jsoup,org.jsoup.parser,HtmlTreeBuilderState,process,Complex Method,Cyclomatic complexity of the method is 13,230,/data/henrique/multiagent_refactoring/project/data/repositories/jsoup/src/main/java/org/jsoup/parser/HtmlTreeBuilderState.java
jsoup,org.jsoup.parser,HtmlTreeBuilderState,process,Complex Method,Cyclomatic complexity of the method is 10,285,/data/henrique/multiagent_refactoring/project/data/repositories/jsoup/src/main/java/org/jsoup/parser/HtmlTreeBuilderState.java
jsoup,org.jsoup.parser,HtmlTreeBuilderState,inBodyStartTag,Complex Conditional,The conditional expression stack.size() < 2 || (stack.size() > 2 && !stack.get(1).nameIs("body")) || tb.onStack("template") is complex.,324,/data/henrique/multiagent_refactoring/project/data/repositories/jsoup/src/main/java/org/jsoup/parser/HtmlTreeBuilderState.java
jsoup,org.jsoup.parser,HtmlTreeBuilderState,inBodyStartTag,Complex Conditional,The conditional expression stack.size() < 2 || (stack.size() > 2 && !stack.get(1).nameIs("body")) is complex.,324,/data/henrique/multiagent_refactoring/project/data/repositories/jsoup/src/main/java/org/jsoup/parser/HtmlTreeBuilderState.java
jsoup,org.jsoup.parser,HtmlTreeBuilderState,inBodyStartTag,Complex Conditional,The conditional expression state.equals(InTable) || state.equals(InCaption) || state.equals(InTableBody)|| state.equals(InRow)|| state.equals(InCell) is complex.,324,/data/henrique/multiagent_refactoring/project/data/repositories/jsoup/src/main/java/org/jsoup/parser/HtmlTreeBuilderState.java
jsoup,org.jsoup.parser,HtmlTreeBuilderState,inBodyStartTag,Complex Method,Cyclomatic complexity of the method is 102,324,/data/henrique/multiagent_refactoring/project/data/repositories/jsoup/src/main/java/org/jsoup/parser/HtmlTreeBuilderState.java
jsoup,org.jsoup.parser,HtmlTreeBuilderState,inBodyStartTag,Long Method,The method has 248 lines of code.,324,/data/henrique/multiagent_refactoring/project/data/repositories/jsoup/src/main/java/org/jsoup/parser/HtmlTreeBuilderState.java
jsoup,org.jsoup.parser,HtmlTreeBuilderState,inBodyStartTag,Long Statement,The length of the statement "if (state.equals(InTable) || state.equals(InCaption) || state.equals(InTableBody)|| state.equals(InRow)|| state.equals(InCell)) tb.transition(InSelectInTable);" is 159.,324,/data/henrique/multiagent_refactoring/project/data/repositories/jsoup/src/main/java/org/jsoup/parser/HtmlTreeBuilderState.java
jsoup,org.jsoup.parser,HtmlTreeBuilderState,inBodyStartTag,Long Statement,The length of the statement "case "b":case "big":case "code":case "em":case "font":case "i":case "s":case "small":case "strike":case "strong":case "tt":case "u":tb.reconstructFormattingElements();" is 167.,324,/data/henrique/multiagent_refactoring/project/data/repositories/jsoup/src/main/java/org/jsoup/parser/HtmlTreeBuilderState.java
jsoup,org.jsoup.parser,HtmlTreeBuilderState,inBodyStartTag,Magic Number,The method contains a magic number: 2,324,/data/henrique/multiagent_refactoring/project/data/repositories/jsoup/src/main/java/org/jsoup/parser/HtmlTreeBuilderState.java
jsoup,org.jsoup.parser,HtmlTreeBuilderState,inBodyStartTag,Magic Number,The method contains a magic number: 2,324,/data/henrique/multiagent_refactoring/project/data/repositories/jsoup/src/main/java/org/jsoup/parser/HtmlTreeBuilderState.java
jsoup,org.jsoup.parser,HtmlTreeBuilderState,inBodyStartTag,Magic Number,The method contains a magic number: 2,324,/data/henrique/multiagent_refactoring/project/data/repositories/jsoup/src/main/java/org/jsoup/parser/HtmlTreeBuilderState.java
jsoup,org.jsoup.parser,HtmlTreeBuilderState,inBodyStartTag,Magic Number,The method contains a magic number: 2,324,/data/henrique/multiagent_refactoring/project/data/repositories/jsoup/src/main/java/org/jsoup/parser/HtmlTreeBuilderState.java
jsoup,org.jsoup.parser,HtmlTreeBuilderState,inBodyEndTag,Complex Method,Cyclomatic complexity of the method is 43,652,/data/henrique/multiagent_refactoring/project/data/repositories/jsoup/src/main/java/org/jsoup/parser/HtmlTreeBuilderState.java
jsoup,org.jsoup.parser,HtmlTreeBuilderState,inBodyEndTag,Long Method,The method has 123 lines of code.,652,/data/henrique/multiagent_refactoring/project/data/repositories/jsoup/src/main/java/org/jsoup/parser/HtmlTreeBuilderState.java
jsoup,org.jsoup.parser,HtmlTreeBuilderState,inBodyEndTagAdoption,Complex Method,Cyclomatic complexity of the method is 26,827,/data/henrique/multiagent_refactoring/project/data/repositories/jsoup/src/main/java/org/jsoup/parser/HtmlTreeBuilderState.java
jsoup,org.jsoup.parser,HtmlTreeBuilderState,inBodyEndTagAdoption,Long Method,The method has 117 lines of code.,827,/data/henrique/multiagent_refactoring/project/data/repositories/jsoup/src/main/java/org/jsoup/parser/HtmlTreeBuilderState.java
jsoup,org.jsoup.parser,HtmlTreeBuilderState,inBodyEndTagAdoption,Long Statement,The length of the statement "Element replacement=new Element(tb.tagFor(el.nodeName()`el.normalName()`tb.defaultNamespace()`ParseSettings.preserveCase)`tb.getBaseUri());" is 139.,827,/data/henrique/multiagent_refactoring/project/data/repositories/jsoup/src/main/java/org/jsoup/parser/HtmlTreeBuilderState.java
jsoup,org.jsoup.parser,HtmlTreeBuilderState,inBodyEndTagAdoption,Magic Number,The method contains a magic number: 8,827,/data/henrique/multiagent_refactoring/project/data/repositories/jsoup/src/main/java/org/jsoup/parser/HtmlTreeBuilderState.java
jsoup,org.jsoup.parser,HtmlTreeBuilderState,inBodyEndTagAdoption,Magic Number,The method contains a magic number: 3,827,/data/henrique/multiagent_refactoring/project/data/repositories/jsoup/src/main/java/org/jsoup/parser/HtmlTreeBuilderState.java
jsoup,org.jsoup.parser,HtmlTreeBuilderState,process,Complex Method,Cyclomatic complexity of the method is 25,1007,/data/henrique/multiagent_refactoring/project/data/repositories/jsoup/src/main/java/org/jsoup/parser/HtmlTreeBuilderState.java
jsoup,org.jsoup.parser,HtmlTreeBuilderState,process,Long Method,The method has 112 lines of code.,1007,/data/henrique/multiagent_refactoring/project/data/repositories/jsoup/src/main/java/org/jsoup/parser/HtmlTreeBuilderState.java
jsoup,org.jsoup.parser,HtmlTreeBuilderState,process,Complex Conditional,The conditional expression (t.isStartTag() && inSorted(t.asStartTag().normalName()`InCellCol) || t.isEndTag() && t.asEndTag().normalName().equals("table")) is complex.,1145,/data/henrique/multiagent_refactoring/project/data/repositories/jsoup/src/main/java/org/jsoup/parser/HtmlTreeBuilderState.java
jsoup,org.jsoup.parser,HtmlTreeBuilderState,process,Complex Method,Cyclomatic complexity of the method is 8,1145,/data/henrique/multiagent_refactoring/project/data/repositories/jsoup/src/main/java/org/jsoup/parser/HtmlTreeBuilderState.java
jsoup,org.jsoup.parser,HtmlTreeBuilderState,process,Long Statement,The length of the statement "else if ((t.isStartTag() && inSorted(t.asStartTag().normalName()`InCellCol) || t.isEndTag() && t.asEndTag().normalName().equals("table"))) {" is 140.,1145,/data/henrique/multiagent_refactoring/project/data/repositories/jsoup/src/main/java/org/jsoup/parser/HtmlTreeBuilderState.java
jsoup,org.jsoup.parser,HtmlTreeBuilderState,process,Complex Method,Cyclomatic complexity of the method is 14,1182,/data/henrique/multiagent_refactoring/project/data/repositories/jsoup/src/main/java/org/jsoup/parser/HtmlTreeBuilderState.java
jsoup,org.jsoup.parser,HtmlTreeBuilderState,process,Complex Method,Cyclomatic complexity of the method is 10,1252,/data/henrique/multiagent_refactoring/project/data/repositories/jsoup/src/main/java/org/jsoup/parser/HtmlTreeBuilderState.java
jsoup,org.jsoup.parser,HtmlTreeBuilderState,exitTableBody,Complex Conditional,The conditional expression !(tb.inTableScope("tbody") || tb.inTableScope("thead") || tb.inScope("tfoot")) is complex.,1298,/data/henrique/multiagent_refactoring/project/data/repositories/jsoup/src/main/java/org/jsoup/parser/HtmlTreeBuilderState.java
jsoup,org.jsoup.parser,HtmlTreeBuilderState,process,Complex Method,Cyclomatic complexity of the method is 14,1314,/data/henrique/multiagent_refactoring/project/data/repositories/jsoup/src/main/java/org/jsoup/parser/HtmlTreeBuilderState.java
jsoup,org.jsoup.parser,HtmlTreeBuilderState,process,Complex Method,Cyclomatic complexity of the method is 10,1387,/data/henrique/multiagent_refactoring/project/data/repositories/jsoup/src/main/java/org/jsoup/parser/HtmlTreeBuilderState.java
jsoup,org.jsoup.parser,HtmlTreeBuilderState,process,Complex Conditional,The conditional expression tb.currentElementIs("option") && tb.aboveOnStack(tb.currentElement()) != null && tb.aboveOnStack(tb.currentElement()).nameIs("optgroup") is complex.,1443,/data/henrique/multiagent_refactoring/project/data/repositories/jsoup/src/main/java/org/jsoup/parser/HtmlTreeBuilderState.java
jsoup,org.jsoup.parser,HtmlTreeBuilderState,process,Complex Method,Cyclomatic complexity of the method is 27,1443,/data/henrique/multiagent_refactoring/project/data/repositories/jsoup/src/main/java/org/jsoup/parser/HtmlTreeBuilderState.java
jsoup,org.jsoup.parser,HtmlTreeBuilderState,process,Long Statement,The length of the statement "case "optgroup":if (tb.currentElementIs("option") && tb.aboveOnStack(tb.currentElement()) != null && tb.aboveOnStack(tb.currentElement()).nameIs("optgroup")) tb.processEndTag("option");" is 185.,1443,/data/henrique/multiagent_refactoring/project/data/repositories/jsoup/src/main/java/org/jsoup/parser/HtmlTreeBuilderState.java
jsoup,org.jsoup.parser,HtmlTreeBuilderState,process,Complex Method,Cyclomatic complexity of the method is 15,1559,/data/henrique/multiagent_refactoring/project/data/repositories/jsoup/src/main/java/org/jsoup/parser/HtmlTreeBuilderState.java
jsoup,org.jsoup.parser,HtmlTreeBuilderState,process,Magic Number,The method contains a magic number: 12,1559,/data/henrique/multiagent_refactoring/project/data/repositories/jsoup/src/main/java/org/jsoup/parser/HtmlTreeBuilderState.java
jsoup,org.jsoup.parser,HtmlTreeBuilderState,process,Complex Method,Cyclomatic complexity of the method is 10,1630,/data/henrique/multiagent_refactoring/project/data/repositories/jsoup/src/main/java/org/jsoup/parser/HtmlTreeBuilderState.java
jsoup,org.jsoup.parser,HtmlTreeBuilderState,process,Complex Method,Cyclomatic complexity of the method is 14,1664,/data/henrique/multiagent_refactoring/project/data/repositories/jsoup/src/main/java/org/jsoup/parser/HtmlTreeBuilderState.java
jsoup,org.jsoup.parser,HtmlTreeBuilderState,process,Complex Method,Cyclomatic complexity of the method is 8,1712,/data/henrique/multiagent_refactoring/project/data/repositories/jsoup/src/main/java/org/jsoup/parser/HtmlTreeBuilderState.java
jsoup,org.jsoup.parser,HtmlTreeBuilderState,process,Complex Conditional,The conditional expression t.isDoctype() || (t.isStartTag() && t.asStartTag().normalName().equals("html")) is complex.,1736,/data/henrique/multiagent_refactoring/project/data/repositories/jsoup/src/main/java/org/jsoup/parser/HtmlTreeBuilderState.java
jsoup,org.jsoup.parser,HtmlTreeBuilderState,process,Complex Conditional,The conditional expression t.isDoctype() || isWhitespace(t) || (t.isStartTag() && t.asStartTag().normalName().equals("html")) is complex.,1756,/data/henrique/multiagent_refactoring/project/data/repositories/jsoup/src/main/java/org/jsoup/parser/HtmlTreeBuilderState.java
jsoup,org.jsoup.parser,HtmlTreeBuilderState,process,Complex Conditional,The conditional expression start.normalName.equals("font") && (start.hasAttributeIgnoreCase("color") || start.hasAttributeIgnoreCase("face") || start.hasAttributeIgnoreCase("size")) is complex.,1774,/data/henrique/multiagent_refactoring/project/data/repositories/jsoup/src/main/java/org/jsoup/parser/HtmlTreeBuilderState.java
jsoup,org.jsoup.parser,HtmlTreeBuilderState,process,Complex Method,Cyclomatic complexity of the method is 19,1774,/data/henrique/multiagent_refactoring/project/data/repositories/jsoup/src/main/java/org/jsoup/parser/HtmlTreeBuilderState.java
jsoup,org.jsoup.parser,HtmlTreeBuilderState,process,Long Statement,The length of the statement "if (start.normalName.equals("font") && (start.hasAttributeIgnoreCase("color") || start.hasAttributeIgnoreCase("face") || start.hasAttributeIgnoreCase("size"))) return processAsHtml(t`tb);" is 187.,1774,/data/henrique/multiagent_refactoring/project/data/repositories/jsoup/src/main/java/org/jsoup/parser/HtmlTreeBuilderState.java
jsoup,org.jsoup.parser,TreeBuilder,initialiseParse,Magic Number,The method contains a magic number: 32,40,/data/henrique/multiagent_refactoring/project/data/repositories/jsoup/src/main/java/org/jsoup/parser/TreeBuilder.java
jsoup,org.jsoup.parser,TreeBuilder,defaultMaxDepth,Magic Number,The method contains a magic number: 512,194,/data/henrique/multiagent_refactoring/project/data/repositories/jsoup/src/main/java/org/jsoup/parser/TreeBuilder.java
jsoup,org.jsoup.parser,TreeBuilder,trackNodePosition,Complex Method,Cyclomatic complexity of the method is 9,299,/data/henrique/multiagent_refactoring/project/data/repositories/jsoup/src/main/java/org/jsoup/parser/TreeBuilder.java
jsoup,org.jsoup.parser,Tag,equals,Long Statement,The length of the statement "return Objects.equals(tagName`tag.tagName) && Objects.equals(namespace`tag.namespace) && Objects.equals(normalName`tag.normalName)&& options == tag.options;" is 156.,330,/data/henrique/multiagent_refactoring/project/data/repositories/jsoup/src/main/java/org/jsoup/parser/Tag.java
jsoup,org.jsoup.parser,HtmlTreeBuilder,initialiseParseFragment,Complex Method,Cyclomatic complexity of the method is 9,112,/data/henrique/multiagent_refactoring/project/data/repositories/jsoup/src/main/java/org/jsoup/parser/HtmlTreeBuilder.java
jsoup,org.jsoup.parser,HtmlTreeBuilder,useCurrentOrForeignInsert,Complex Conditional,The conditional expression token.isStartTag() && !"mglyph".equals(token.asStartTag().normalName) && !"malignmark".equals(token.asStartTag().normalName) is complex.,179,/data/henrique/multiagent_refactoring/project/data/repositories/jsoup/src/main/java/org/jsoup/parser/HtmlTreeBuilder.java
jsoup,org.jsoup.parser,HtmlTreeBuilder,useCurrentOrForeignInsert,Complex Conditional,The conditional expression Parser.NamespaceMathml.equals(ns) && el.nameIs("annotation-xml") && token.isStartTag()&& "svg".equals(token.asStartTag().normalName) is complex.,179,/data/henrique/multiagent_refactoring/project/data/repositories/jsoup/src/main/java/org/jsoup/parser/HtmlTreeBuilder.java
jsoup,org.jsoup.parser,HtmlTreeBuilder,useCurrentOrForeignInsert,Complex Conditional,The conditional expression isHtmlIntegration(el) && (token.isStartTag() || token.isCharacter()) is complex.,179,/data/henrique/multiagent_refactoring/project/data/repositories/jsoup/src/main/java/org/jsoup/parser/HtmlTreeBuilder.java
jsoup,org.jsoup.parser,HtmlTreeBuilder,useCurrentOrForeignInsert,Complex Method,Cyclomatic complexity of the method is 8,179,/data/henrique/multiagent_refactoring/project/data/repositories/jsoup/src/main/java/org/jsoup/parser/HtmlTreeBuilder.java
jsoup,org.jsoup.parser,HtmlTreeBuilder,useCurrentOrForeignInsert,Long Statement,The length of the statement "if (token.isStartTag() && !"mglyph".equals(token.asStartTag().normalName) && !"malignmark".equals(token.asStartTag().normalName)) return true;" is 142.,179,/data/henrique/multiagent_refactoring/project/data/repositories/jsoup/src/main/java/org/jsoup/parser/HtmlTreeBuilder.java
jsoup,org.jsoup.parser,HtmlTreeBuilder,useCurrentOrForeignInsert,Long Statement,The length of the statement "if (Parser.NamespaceMathml.equals(ns) && el.nameIs("annotation-xml") && token.isStartTag()&& "svg".equals(token.asStartTag().normalName)) return true;" is 150.,179,/data/henrique/multiagent_refactoring/project/data/repositories/jsoup/src/main/java/org/jsoup/parser/HtmlTreeBuilder.java
jsoup,org.jsoup.parser,HtmlTreeBuilder,isMathmlTextIntegration,Long Statement,The length of the statement "return (Parser.NamespaceMathml.equals(el.tag().namespace()) && StringUtil.inSorted(el.normalName()`TagMathMlTextIntegration));" is 126.,218,/data/henrique/multiagent_refactoring/project/data/repositories/jsoup/src/main/java/org/jsoup/parser/HtmlTreeBuilder.java
jsoup,org.jsoup.parser,HtmlTreeBuilder,error,Long Statement,The length of the statement "if (parser.getErrors().canAddError()) parser.getErrors().add(new ParseError(reader`"Unexpected %s token [%s] when in state [%s]"`currentToken.tokenType()`currentToken`state));" is 175.,302,/data/henrique/multiagent_refactoring/project/data/repositories/jsoup/src/main/java/org/jsoup/parser/HtmlTreeBuilder.java
jsoup,org.jsoup.parser,HtmlTreeBuilder,doInsertElement,Complex Conditional,The conditional expression formElement != null && el.tag().namespace.equals(NamespaceHtml) && StringUtil.inSorted(el.normalName()`TagFormListed) is complex.,392,/data/henrique/multiagent_refactoring/project/data/repositories/jsoup/src/main/java/org/jsoup/parser/HtmlTreeBuilder.java
jsoup,org.jsoup.parser,HtmlTreeBuilder,doInsertElement,Complex Conditional,The conditional expression parser.getErrors().canAddError() && el.hasAttr("xmlns") && !el.attr("xmlns").equals(el.tag().namespace()) is complex.,392,/data/henrique/multiagent_refactoring/project/data/repositories/jsoup/src/main/java/org/jsoup/parser/HtmlTreeBuilder.java
jsoup,org.jsoup.parser,HtmlTreeBuilder,doInsertElement,Long Statement,The length of the statement "if (formElement != null && el.tag().namespace.equals(NamespaceHtml) && StringUtil.inSorted(el.normalName()`TagFormListed)) formElement.addElement(el);" is 150.,392,/data/henrique/multiagent_refactoring/project/data/repositories/jsoup/src/main/java/org/jsoup/parser/HtmlTreeBuilder.java
jsoup,org.jsoup.parser,HtmlTreeBuilder,doInsertElement,Long Statement,The length of the statement "if (parser.getErrors().canAddError() && el.hasAttr("xmlns") && !el.attr("xmlns").equals(el.tag().namespace())) error("Invalid xmlns attribute [%s] on tag [%s]"`el.attr("xmlns")`el.tagName());" is 191.,392,/data/henrique/multiagent_refactoring/project/data/repositories/jsoup/src/main/java/org/jsoup/parser/HtmlTreeBuilder.java
jsoup,org.jsoup.parser,HtmlTreeBuilder,clearStackToContext,Complex Conditional,The conditional expression NamespaceHtml.equals(next.tag().namespace()) && (StringUtil.in(next.normalName()`nodeNames) || next.nameIs("html")) is complex.,565,/data/henrique/multiagent_refactoring/project/data/repositories/jsoup/src/main/java/org/jsoup/parser/HtmlTreeBuilder.java
jsoup,org.jsoup.parser,HtmlTreeBuilder,clearStackToContext,Long Statement,The length of the statement "if (NamespaceHtml.equals(next.tag().namespace()) && (StringUtil.in(next.normalName()`nodeNames) || next.nameIs("html"))) break;" is 127.,565,/data/henrique/multiagent_refactoring/project/data/repositories/jsoup/src/main/java/org/jsoup/parser/HtmlTreeBuilder.java
jsoup,org.jsoup.parser,HtmlTreeBuilder,resetInsertionMode,Complex Method,Cyclomatic complexity of the method is 24,616,/data/henrique/multiagent_refactoring/project/data/repositories/jsoup/src/main/java/org/jsoup/parser/HtmlTreeBuilder.java
jsoup,org.jsoup.parser,HtmlTreeBuilder,resetInsertionMode,Missing default,The following switch statement is missing a default case: switch (name) {,616,/data/henrique/multiagent_refactoring/project/data/repositories/jsoup/src/main/java/org/jsoup/parser/HtmlTreeBuilder.java
jsoup,org.jsoup.parser,HtmlTreeBuilder,inSpecificScope,Complex Method,Cyclomatic complexity of the method is 9,717,/data/henrique/multiagent_refactoring/project/data/repositories/jsoup/src/main/java/org/jsoup/parser/HtmlTreeBuilder.java
jsoup,org.jsoup.parser,HtmlTreeBuilder,checkActiveFormattingElements,Magic Number,The method contains a magic number: 3,920,/data/henrique/multiagent_refactoring/project/data/repositories/jsoup/src/main/java/org/jsoup/parser/HtmlTreeBuilder.java
jsoup,org.jsoup.parser,HtmlTreeBuilder,reconstructFormattingElements,Complex Method,Cyclomatic complexity of the method is 10,948,/data/henrique/multiagent_refactoring/project/data/repositories/jsoup/src/main/java/org/jsoup/parser/HtmlTreeBuilder.java
jsoup,org.jsoup.parser,HtmlTreeBuilder,reconstructFormattingElements,Long Statement,The length of the statement "Element newEl=new Element(tagFor(entry.nodeName()`entry.normalName()`defaultNamespace()`settings)`null`entry.attributes().clone());" is 131.,948,/data/henrique/multiagent_refactoring/project/data/repositories/jsoup/src/main/java/org/jsoup/parser/HtmlTreeBuilder.java
jsoup,org.jsoup.parser,TokenQueue,chompBalanced,Complex Conditional,The conditional expression c == '\'' && c != open && !inDouble is complex.,146,/data/henrique/multiagent_refactoring/project/data/repositories/jsoup/src/main/java/org/jsoup/parser/TokenQueue.java
jsoup,org.jsoup.parser,TokenQueue,chompBalanced,Complex Conditional,The conditional expression c == '"' && c != open && !inSingle is complex.,146,/data/henrique/multiagent_refactoring/project/data/repositories/jsoup/src/main/java/org/jsoup/parser/TokenQueue.java
jsoup,org.jsoup.parser,TokenQueue,chompBalanced,Complex Conditional,The conditional expression inSingle || inDouble || inRegexQE is complex.,146,/data/henrique/multiagent_refactoring/project/data/repositories/jsoup/src/main/java/org/jsoup/parser/TokenQueue.java
jsoup,org.jsoup.parser,TokenQueue,chompBalanced,Complex Method,Cyclomatic complexity of the method is 14,146,/data/henrique/multiagent_refactoring/project/data/repositories/jsoup/src/main/java/org/jsoup/parser/TokenQueue.java
jsoup,org.jsoup.parser,TokenQueue,escapeCssIdentifier,Complex Method,Cyclomatic complexity of the method is 10,223,/data/henrique/multiagent_refactoring/project/data/repositories/jsoup/src/main/java/org/jsoup/parser/TokenQueue.java
jsoup,org.jsoup.parser,TokenQueue,consumeCssIdentifier,Complex Method,Cyclomatic complexity of the method is 9,315,/data/henrique/multiagent_refactoring/project/data/repositories/jsoup/src/main/java/org/jsoup/parser/TokenQueue.java
jsoup,org.jsoup.parser,TokenQueue,consumeCssEscapeSequenceInto,Complex Conditional,The conditional expression c == ' ' || c == '\t' || isNewline(c) is complex.,368,/data/henrique/multiagent_refactoring/project/data/repositories/jsoup/src/main/java/org/jsoup/parser/TokenQueue.java
jsoup,org.jsoup.parser,TokenQueue,consumeCssEscapeSequenceInto,Complex Method,Cyclomatic complexity of the method is 8,368,/data/henrique/multiagent_refactoring/project/data/repositories/jsoup/src/main/java/org/jsoup/parser/TokenQueue.java
jsoup,org.jsoup.parser,TokenQueue,consumeCssEscapeSequenceInto,Magic Number,The method contains a magic number: 6,368,/data/henrique/multiagent_refactoring/project/data/repositories/jsoup/src/main/java/org/jsoup/parser/TokenQueue.java
jsoup,org.jsoup.parser,TokenQueue,consumeCssEscapeSequenceInto,Magic Number,The method contains a magic number: 16,368,/data/henrique/multiagent_refactoring/project/data/repositories/jsoup/src/main/java/org/jsoup/parser/TokenQueue.java
jsoup,org.jsoup.parser,XmlTreeBuilder,initialiseParse,Long Statement,The length of the statement "doc.outputSettings().syntax(Document.OutputSettings.Syntax.xml).escapeMode(Entities.EscapeMode.xhtml).prettyPrint(false);" is 121.,46,/data/henrique/multiagent_refactoring/project/data/repositories/jsoup/src/main/java/org/jsoup/parser/XmlTreeBuilder.java
jsoup,org.jsoup.parser,XmlTreeBuilder,process,Complex Method,Cyclomatic complexity of the method is 8,114,/data/henrique/multiagent_refactoring/project/data/repositories/jsoup/src/main/java/org/jsoup/parser/XmlTreeBuilder.java
jsoup,org.jsoup.parser,XmlTreeBuilder,insertDoctypeFor,Long Statement,The length of the statement "DocumentType doctypeNode=new DocumentType(settings.normalizeTag(token.getName())`token.getPublicIdentifier()`token.getSystemIdentifier());" is 138.,238,/data/henrique/multiagent_refactoring/project/data/repositories/jsoup/src/main/java/org/jsoup/parser/XmlTreeBuilder.java
jsoup,org.jsoup.parser,TagSet,initHtmlDefault,Long Statement,The length of the statement "String[] blockTags={"html"`"head"`"body"`"frameset"`"script"`"noscript"`"style"`"meta"`"link"`"title"`"frame"`"noframes"`"section"`"nav"`"aside"`"hgroup"`"header"`"footer"`"p"`"h1"`"h2"`"h3"`"h4"`"h5"`"h6"`"button"`"ul"`"ol"`"pre"`"div"`"blockquote"`"hr"`"address"`"figure"`"figcaption"`"form"`"fieldset"`"ins"`"del"`"dl"`"dt"`"dd"`"li"`"table"`"caption"`"thead"`"tfoot"`"tbody"`"colgroup"`"col"`"tr"`"th"`"td"`"video"`"audio"`"canvas"`"details"`"menu"`"plaintext"`"template"`"article"`"main"`"center"`"template"`"dir"`"applet"`"marquee"`"listing"`"#root"};" is 557.,208,/data/henrique/multiagent_refactoring/project/data/repositories/jsoup/src/main/java/org/jsoup/parser/TagSet.java
jsoup,org.jsoup.parser,TagSet,initHtmlDefault,Long Statement,The length of the statement "String[] inlineTags={"object"`"base"`"font"`"tt"`"i"`"b"`"u"`"big"`"small"`"em"`"strong"`"dfn"`"code"`"samp"`"kbd"`"var"`"cite"`"abbr"`"time"`"acronym"`"mark"`"ruby"`"rt"`"rp"`"rtc"`"a"`"img"`"wbr"`"map"`"q"`"sub"`"sup"`"bdo"`"iframe"`"embed"`"span"`"input"`"select"`"textarea"`"label"`"optgroup"`"option"`"legend"`"datalist"`"keygen"`"output"`"progress"`"meter"`"area"`"param"`"source"`"track"`"summary"`"command"`"device"`"area"`"basefont"`"bgsound"`"menuitem"`"param"`"source"`"track"`"data"`"bdi"`"s"`"strike"`"nobr"`"rb"};" is 527.,208,/data/henrique/multiagent_refactoring/project/data/repositories/jsoup/src/main/java/org/jsoup/parser/TagSet.java
jsoup,org.jsoup.parser,TagSet,initHtmlDefault,Long Statement,The length of the statement "String[] inlineContainers={"title"`"a"`"p"`"h1"`"h2"`"h3"`"h4"`"h5"`"h6"`"pre"`"address"`"li"`"th"`"td"`"script"`"style"`"ins"`"del"`"s"`"button"};" is 147.,208,/data/henrique/multiagent_refactoring/project/data/repositories/jsoup/src/main/java/org/jsoup/parser/TagSet.java
jsoup,org.jsoup.parser,TagSet,initHtmlDefault,Long Statement,The length of the statement "String[] voidTags={"meta"`"link"`"base"`"frame"`"img"`"br"`"wbr"`"embed"`"hr"`"input"`"keygen"`"col"`"command"`"device"`"area"`"basefont"`"bgsound"`"menuitem"`"param"`"source"`"track"};" is 185.,208,/data/henrique/multiagent_refactoring/project/data/repositories/jsoup/src/main/java/org/jsoup/parser/TagSet.java
jsoup,org.jsoup.parser,TagSet,initHtmlDefault,Long Statement,The length of the statement "return new TagSet().setupTags(NamespaceHtml`blockTags`tag -> tag.set(Tag.Block)).setupTags(NamespaceHtml`inlineTags`tag -> tag.set(0)).setupTags(NamespaceHtml`inlineContainers`tag -> tag.set(Tag.InlineContainer)).setupTags(NamespaceHtml`voidTags`tag -> tag.set(Tag.Void)).setupTags(NamespaceHtml`preserveWhitespaceTags`tag -> tag.set(Tag.PreserveWhitespace)).setupTags(NamespaceHtml`rcdataTags`tag -> tag.set(Tag.RcData)).setupTags(NamespaceHtml`dataTags`tag -> tag.set(Tag.Data)).setupTags(NamespaceHtml`formSubmitTags`tag -> tag.set(Tag.FormSubmittable)).setupTags(NamespaceMathml`blockMathTags`tag -> tag.set(Tag.Block)).setupTags(NamespaceMathml`inlineMathTags`tag -> tag.set(0)).setupTags(NamespaceSvg`blockSvgTags`tag -> tag.set(Tag.Block)).setupTags(NamespaceSvg`inlineSvgTags`tag -> tag.set(0)).setupTags(NamespaceSvg`dataSvgTags`tag -> tag.set(Tag.Data));" is 864.,208,/data/henrique/multiagent_refactoring/project/data/repositories/jsoup/src/main/java/org/jsoup/parser/TagSet.java
jsoup,org.jsoup.integration,Benchmark,run,Magic Number,The method contains a magic number: 1000f,10,/data/henrique/multiagent_refactoring/project/data/repositories/jsoup/src/test/java/org/jsoup/integration/Benchmark.java
jsoup,org.jsoup.integration,Benchmark,run,Magic Number,The method contains a magic number: 1000f,10,/data/henrique/multiagent_refactoring/project/data/repositories/jsoup/src/test/java/org/jsoup/integration/Benchmark.java
jsoup,org.jsoup.integration,Benchmark,run,Magic Number,The method contains a magic number: 100f,10,/data/henrique/multiagent_refactoring/project/data/repositories/jsoup/src/test/java/org/jsoup/integration/Benchmark.java
jsoup,org.jsoup.integration,FuzzFixesIT,testFiles,Magic Number,The method contains a magic number: 10,27,/data/henrique/multiagent_refactoring/project/data/repositories/jsoup/src/test/java/org/jsoup/integration/FuzzFixesIT.java
jsoup,org.jsoup.integration,FuzzFixesIT,testHtmlParse,Long Statement,The length of the statement "if (System.currentTimeMillis() > completeBy) Assertions.fail(String.format("Timeout: only completed %d iters of [%s] in %d seconds"`i`file.getName()`timeout));" is 159.,35,/data/henrique/multiagent_refactoring/project/data/repositories/jsoup/src/test/java/org/jsoup/integration/FuzzFixesIT.java
jsoup,org.jsoup.integration,FuzzFixesIT,testHtmlParse,Magic Number,The method contains a magic number: 1000L,35,/data/henrique/multiagent_refactoring/project/data/repositories/jsoup/src/test/java/org/jsoup/integration/FuzzFixesIT.java
jsoup,org.jsoup.integration,FuzzFixesIT,testXmlParse,Long Statement,The length of the statement "if (System.currentTimeMillis() > completeBy) Assertions.fail(String.format("Timeout: only completed %d iters of [%s] in %d seconds"`i`file.getName()`timeout));" is 159.,50,/data/henrique/multiagent_refactoring/project/data/repositories/jsoup/src/test/java/org/jsoup/integration/FuzzFixesIT.java
jsoup,org.jsoup.integration,FuzzFixesIT,testXmlParse,Magic Number,The method contains a magic number: 1000L,50,/data/henrique/multiagent_refactoring/project/data/repositories/jsoup/src/test/java/org/jsoup/integration/FuzzFixesIT.java
jsoup,org.jsoup.integration,TestServer,addHttpsConnector,Long Statement,The length of the statement "ServerConnector sslConnector=new ServerConnector(server`new SslConnectionFactory(sslContextFactory`HttpVersion.HTTP_1_1.asString())`new HttpConnectionFactory(httpsConfig));" is 172.,161,/data/henrique/multiagent_refactoring/project/data/repositories/jsoup/src/test/java/org/jsoup/integration/TestServer.java
jsoup,org.jsoup.integration.servlets,EchoServlet,doIt,Complex Method,Cyclomatic complexity of the method is 10,34,/data/henrique/multiagent_refactoring/project/data/repositories/jsoup/src/test/java/org/jsoup/integration/servlets/EchoServlet.java
jsoup,org.jsoup.integration.servlets,EchoServlet,doIt,Long Statement,The length of the statement "w.write("<title>Webserver Environment Variables</title>\n" + " <style type=\"text/css\">\n" + " body` td` th {font: 10pt Verdana` Arial` sans-serif; text-align: left}\n"+ " th {font-weight: bold} \n"+ " </style>\n"+ " <body>\n"+ " <table border=\"0\">");" is 254.,34,/data/henrique/multiagent_refactoring/project/data/repositories/jsoup/src/test/java/org/jsoup/integration/servlets/EchoServlet.java
jsoup,org.jsoup.integration.servlets,SlowRider,doIt,Complex Method,Cyclomatic complexity of the method is 9,25,/data/henrique/multiagent_refactoring/project/data/repositories/jsoup/src/test/java/org/jsoup/integration/servlets/SlowRider.java
jsoup,org.jsoup.integration.servlets,SlowRider,doIt,Magic Number,The method contains a magic number: 1000,25,/data/henrique/multiagent_refactoring/project/data/repositories/jsoup/src/test/java/org/jsoup/integration/servlets/SlowRider.java
jsoup,org.jsoup.integration.servlets,InterruptedServlet,doIt,Magic Number,The method contains a magic number: 32,21,/data/henrique/multiagent_refactoring/project/data/repositories/jsoup/src/test/java/org/jsoup/integration/servlets/InterruptedServlet.java
jsoup,org.jsoup.integration.servlets,InterruptedServlet,doIt,Magic Number,The method contains a magic number: 1024,21,/data/henrique/multiagent_refactoring/project/data/repositories/jsoup/src/test/java/org/jsoup/integration/servlets/InterruptedServlet.java
jsoup,org.jsoup.integration.servlets,InterruptedServlet,doIt,Magic Number,The method contains a magic number: 2,21,/data/henrique/multiagent_refactoring/project/data/repositories/jsoup/src/test/java/org/jsoup/integration/servlets/InterruptedServlet.java
jsoup,org.jsoup.integration.servlets,InterruptedServlet,doIt,Magic Number,The method contains a magic number: 2,21,/data/henrique/multiagent_refactoring/project/data/repositories/jsoup/src/test/java/org/jsoup/integration/servlets/InterruptedServlet.java
jsoup,org.jsoup.integration.servlets,CookieServlet,doIt,Magic Number,The method contains a magic number: 200,22,/data/henrique/multiagent_refactoring/project/data/repositories/jsoup/src/test/java/org/jsoup/integration/servlets/CookieServlet.java
jsoup,org.jsoup.integration.servlets,DeflateServlet,doIt,Long Statement,The length of the statement "DeflaterOutputStream stream=new DeflaterOutputStream(res.getOutputStream()`new Deflater(Deflater.BEST_COMPRESSION`true));" is 121.,21,/data/henrique/multiagent_refactoring/project/data/repositories/jsoup/src/test/java/org/jsoup/integration/servlets/DeflateServlet.java
