Project Name,Package Name,Type Name,NOF,NOPF,NOM,NOPM,LOC,WMC,NC,DIT,LCOM,FANIN,FANOUT,File path,Line no
jsoup,org.jsoup.examples,ListLinks,0,0,3,1,34,8,0,0,-1.0,0,4,/data/henrique/multiagent_refactoring/project/data/repositories/jsoup/src/main/java/org/jsoup/examples/ListLinks.java,11
jsoup,org.jsoup.examples,HtmlToPlainText,5,0,3,1,96,8,0,0,0.0,0,6,/data/henrique/multiagent_refactoring/project/data/repositories/jsoup/src/main/java/org/jsoup/examples/HtmlToPlainText.java,17
jsoup,org.jsoup.examples,HtmlToPlainText.FormattingVisitor,3,0,0,0,44,0,0,1,-1.0,0,0,/data/henrique/multiagent_refactoring/project/data/repositories/jsoup/src/main/java/org/jsoup/examples/HtmlToPlainText.java,70
jsoup,org.jsoup.examples,Wikipedia,0,0,2,1,16,3,0,0,-1.0,0,3,/data/henrique/multiagent_refactoring/project/data/repositories/jsoup/src/main/java/org/jsoup/examples/Wikipedia.java,10
jsoup,org.jsoup,Jsoup,0,0,24,23,269,25,0,0,-1.0,57,7,/data/henrique/multiagent_refactoring/project/data/repositories/jsoup/src/main/java/org/jsoup/Jsoup.java,20
jsoup,org.jsoup,UnsupportedMimeTypeException,2,0,4,4,21,4,0,0,0.0,0,0,/data/henrique/multiagent_refactoring/project/data/repositories/jsoup/src/main/java/org/jsoup/UnsupportedMimeTypeException.java,5
jsoup,org.jsoup,SerializationException,0,0,4,4,33,4,0,0,-1.0,1,0,/data/henrique/multiagent_refactoring/project/data/repositories/jsoup/src/main/java/org/jsoup/SerializationException.java,3
jsoup,org.jsoup,HttpStatusException,2,0,3,3,18,3,0,0,0.0,0,0,/data/henrique/multiagent_refactoring/project/data/repositories/jsoup/src/main/java/org/jsoup/HttpStatusException.java,5
jsoup,org.jsoup,Connection,1,0,45,1,772,45,1,0,-1.0,22,4,/data/henrique/multiagent_refactoring/project/data/repositories/jsoup/src/main/java/org/jsoup/Connection.java,23
jsoup,org.jsoup,Connection.Method,1,0,0,0,18,0,0,0,-1.0,0,0,/data/henrique/multiagent_refactoring/project/data/repositories/jsoup/src/main/java/org/jsoup/Connection.java,50
jsoup,org.jsoup,Connection.Base,0,0,0,0,119,0,0,0,-1.0,0,0,/data/henrique/multiagent_refactoring/project/data/repositories/jsoup/src/main/java/org/jsoup/Connection.java,538
jsoup,org.jsoup,Connection.Request,0,0,0,0,179,0,0,0,-1.0,0,0,/data/henrique/multiagent_refactoring/project/data/repositories/jsoup/src/main/java/org/jsoup/Connection.java,692
jsoup,org.jsoup,Connection.Response,0,0,0,0,91,0,0,0,-1.0,0,0,/data/henrique/multiagent_refactoring/project/data/repositories/jsoup/src/main/java/org/jsoup/Connection.java,929
jsoup,org.jsoup,Connection.KeyVal,0,0,0,0,54,0,0,0,-1.0,0,0,/data/henrique/multiagent_refactoring/project/data/repositories/jsoup/src/main/java/org/jsoup/Connection.java,1064
jsoup,org.jsoup,Progress,0,0,1,0,11,1,0,0,-1.0,4,0,/data/henrique/multiagent_refactoring/project/data/repositories/jsoup/src/main/java/org/jsoup/Progress.java,3
jsoup,org.jsoup,MultiLocaleExtension,1,0,2,2,10,2,0,0,1.0,0,0,/data/henrique/multiagent_refactoring/project/data/repositories/jsoup/src/test/java/org/jsoup/MultiLocaleExtension.java,15
jsoup,org.jsoup,TextUtil,5,0,3,3,24,3,0,0,0.6666666666666666,14,0,/data/henrique/multiagent_refactoring/project/data/repositories/jsoup/src/test/java/org/jsoup/TextUtil.java,5
jsoup,org.jsoup,JsoupTest,0,0,1,0,12,1,0,0,-1.0,0,3,/data/henrique/multiagent_refactoring/project/data/repositories/jsoup/src/test/java/org/jsoup/JsoupTest.java,13
jsoup,org.jsoup,SerializationExceptionTest,0,0,1,0,13,1,0,0,-1.0,0,1,/data/henrique/multiagent_refactoring/project/data/repositories/jsoup/src/test/java/org/jsoup/SerializationExceptionTest.java,7
jsoup,org.jsoup.internal,SimpleStreamReader,3,0,4,3,62,16,0,0,0.0,2,1,/data/henrique/multiagent_refactoring/project/data/repositories/jsoup/src/main/java/org/jsoup/internal/SimpleStreamReader.java,18
jsoup,org.jsoup.internal,SoftPool,3,0,4,3,50,7,0,0,0.0,6,0,/data/henrique/multiagent_refactoring/project/data/repositories/jsoup/src/main/java/org/jsoup/internal/SoftPool.java,7
jsoup,org.jsoup.internal,Functions,4,0,5,4,24,5,0,0,1.0,0,0,/data/henrique/multiagent_refactoring/project/data/repositories/jsoup/src/main/java/org/jsoup/internal/Functions.java,12
jsoup,org.jsoup.internal,SharedConstants,10,10,1,0,17,1,0,0,0.0,11,0,/data/henrique/multiagent_refactoring/project/data/repositories/jsoup/src/main/java/org/jsoup/internal/SharedConstants.java,3
jsoup,org.jsoup.internal,ControllableInputStream,12,0,17,14,169,34,0,0,0.17647058823529413,5,3,/data/henrique/multiagent_refactoring/project/data/repositories/jsoup/src/main/java/org/jsoup/internal/ControllableInputStream.java,16
jsoup,org.jsoup.internal,SimpleBufferedInput,7,0,11,6,120,34,0,0,0.0,2,2,/data/henrique/multiagent_refactoring/project/data/repositories/jsoup/src/main/java/org/jsoup/internal/SimpleBufferedInput.java,12
jsoup,org.jsoup.internal,StringUtil,10,0,26,25,322,50,0,0,0.5,29,2,/data/henrique/multiagent_refactoring/project/data/repositories/jsoup/src/main/java/org/jsoup/internal/StringUtil.java,15
jsoup,org.jsoup.internal,StringUtil.StringJoiner,3,0,0,0,42,0,0,0,-1.0,0,0,/data/henrique/multiagent_refactoring/project/data/repositories/jsoup/src/main/java/org/jsoup/internal/StringUtil.java,67
jsoup,org.jsoup.internal,QuietAppendable,2,0,4,4,63,5,2,0,1.0,16,0,/data/henrique/multiagent_refactoring/project/data/repositories/jsoup/src/main/java/org/jsoup/internal/QuietAppendable.java,7
jsoup,org.jsoup.internal,QuietAppendable.BaseAppendable,1,0,0,0,27,0,0,1,-1.0,0,0,/data/henrique/multiagent_refactoring/project/data/repositories/jsoup/src/main/java/org/jsoup/internal/QuietAppendable.java,19
jsoup,org.jsoup.internal,QuietAppendable.Action,0,0,0,0,3,0,0,0,-1.0,0,0,/data/henrique/multiagent_refactoring/project/data/repositories/jsoup/src/main/java/org/jsoup/internal/QuietAppendable.java,22
jsoup,org.jsoup.internal,QuietAppendable.StringBuilderAppendable,1,0,0,0,24,0,0,1,-1.0,0,0,/data/henrique/multiagent_refactoring/project/data/repositories/jsoup/src/main/java/org/jsoup/internal/QuietAppendable.java,56
jsoup,org.jsoup.internal,Normalizer,0,0,4,4,30,4,0,0,-1.0,8,2,/data/henrique/multiagent_refactoring/project/data/repositories/jsoup/src/main/java/org/jsoup/internal/Normalizer.java,9
jsoup,org.jsoup.internal,StringUtilTest,0,0,15,9,183,16,0,0,-1.0,0,2,/data/henrique/multiagent_refactoring/project/data/repositories/jsoup/src/test/java/org/jsoup/internal/StringUtilTest.java,13
jsoup,org.jsoup.internal,ReaderTest,0,0,3,0,28,4,0,0,-1.0,0,4,/data/henrique/multiagent_refactoring/project/data/repositories/jsoup/src/test/java/org/jsoup/internal/ReaderTest.java,18
jsoup,org.jsoup.internal,SoftPoolTest,3,0,4,4,83,13,0,0,0.0,0,1,/data/henrique/multiagent_refactoring/project/data/repositories/jsoup/src/test/java/org/jsoup/internal/SoftPoolTest.java,17
jsoup,org.jsoup.internal,QuietAppendableTest,0,0,7,3,51,7,0,0,-1.0,0,3,/data/henrique/multiagent_refactoring/project/data/repositories/jsoup/src/test/java/org/jsoup/internal/QuietAppendableTest.java,13
jsoup,org.jsoup.safety,Safelist,7,0,22,20,399,54,1,0,0.18181818181818182,6,5,/data/henrique/multiagent_refactoring/project/data/repositories/jsoup/src/main/java/org/jsoup/safety/Safelist.java,24
jsoup,org.jsoup.safety,Safelist.TagName,0,0,0,0,8,0,0,0,-1.0,0,0,/data/henrique/multiagent_refactoring/project/data/repositories/jsoup/src/main/java/org/jsoup/safety/Safelist.java,601
jsoup,org.jsoup.safety,Safelist.AttributeKey,0,0,0,0,8,0,0,0,-1.0,0,0,/data/henrique/multiagent_refactoring/project/data/repositories/jsoup/src/main/java/org/jsoup/safety/Safelist.java,611
jsoup,org.jsoup.safety,Safelist.AttributeValue,0,0,0,0,8,0,0,0,-1.0,0,0,/data/henrique/multiagent_refactoring/project/data/repositories/jsoup/src/main/java/org/jsoup/safety/Safelist.java,621
jsoup,org.jsoup.safety,Safelist.Protocol,0,0,0,0,8,0,0,0,-1.0,0,0,/data/henrique/multiagent_refactoring/project/data/repositories/jsoup/src/main/java/org/jsoup/safety/Safelist.java,631
jsoup,org.jsoup.safety,Safelist.TypedValue,1,0,0,0,19,0,0,0,-1.0,0,0,/data/henrique/multiagent_refactoring/project/data/repositories/jsoup/src/main/java/org/jsoup/safety/Safelist.java,641
jsoup,org.jsoup.safety,Cleaner,6,0,6,4,133,10,0,0,0.0,2,7,/data/henrique/multiagent_refactoring/project/data/repositories/jsoup/src/main/java/org/jsoup/safety/Cleaner.java,19
jsoup,org.jsoup.safety,Cleaner.CleaningVisitor,3,0,0,0,45,0,0,1,-1.0,0,1,/data/henrique/multiagent_refactoring/project/data/repositories/jsoup/src/main/java/org/jsoup/safety/Cleaner.java,126
jsoup,org.jsoup.safety,Cleaner.ElementMeta,2,0,0,0,8,0,0,0,-1.0,0,1,/data/henrique/multiagent_refactoring/project/data/repositories/jsoup/src/main/java/org/jsoup/safety/Cleaner.java,210
jsoup,org.jsoup.safety,SafelistTest,4,0,5,4,50,6,0,0,0.4,0,5,/data/henrique/multiagent_refactoring/project/data/repositories/jsoup/src/test/java/org/jsoup/safety/SafelistTest.java,12
jsoup,org.jsoup.safety,CleanerTest,0,0,46,36,355,47,0,0,-1.0,0,11,/data/henrique/multiagent_refactoring/project/data/repositories/jsoup/src/test/java/org/jsoup/safety/CleanerTest.java,22
jsoup,org.jsoup.nodes,Attribute,6,0,30,19,272,53,0,0,0.13333333333333333,14,9,/data/henrique/multiagent_refactoring/project/data/repositories/jsoup/src/main/java/org/jsoup/nodes/Attribute.java,17
jsoup,org.jsoup.nodes,Attributes,14,0,48,33,522,99,0,0,0.08333333333333333,24,9,/data/henrique/multiagent_refactoring/project/data/repositories/jsoup/src/main/java/org/jsoup/nodes/Attributes.java,28
jsoup,org.jsoup.nodes,Attributes.Dataset,3,0,0,0,43,0,0,0,-1.0,0,2,/data/henrique/multiagent_refactoring/project/data/repositories/jsoup/src/main/java/org/jsoup/nodes/Attributes.java,618
jsoup,org.jsoup.nodes,Attributes.EntrySet,0,0,0,0,11,0,0,0,-1.0,0,0,/data/henrique/multiagent_refactoring/project/data/repositories/jsoup/src/main/java/org/jsoup/nodes/Attributes.java,638
jsoup,org.jsoup.nodes,Attributes.DatasetIterator,2,0,0,0,17,0,0,0,-1.0,0,1,/data/henrique/multiagent_refactoring/project/data/repositories/jsoup/src/main/java/org/jsoup/nodes/Attributes.java,655
jsoup,org.jsoup.nodes,NodeIterator,6,0,8,6,84,21,0,0,0.25,2,2,/data/henrique/multiagent_refactoring/project/data/repositories/jsoup/src/main/java/org/jsoup/nodes/NodeIterator.java,9
jsoup,org.jsoup.nodes,EntitiesData,3,0,0,0,13,0,0,0,-1.0,2,0,/data/henrique/multiagent_refactoring/project/data/repositories/jsoup/src/main/java/org/jsoup/nodes/EntitiesData.java,3
jsoup,org.jsoup.nodes,LeafNode,1,0,21,12,89,25,5,1,0.38095238095238093,5,6,/data/henrique/multiagent_refactoring/project/data/repositories/jsoup/src/main/java/org/jsoup/nodes/LeafNode.java,9
jsoup,org.jsoup.nodes,CDataNode,0,0,5,4,24,5,0,3,-1.0,7,2,/data/henrique/multiagent_refactoring/project/data/repositories/jsoup/src/main/java/org/jsoup/nodes/CDataNode.java,5
jsoup,org.jsoup.nodes,DocumentType,6,2,9,6,73,17,0,2,0.2222222222222222,8,4,/data/henrique/multiagent_refactoring/project/data/repositories/jsoup/src/main/java/org/jsoup/nodes/DocumentType.java,10
jsoup,org.jsoup.nodes,Range,10,0,11,10,202,16,0,0,0.0,11,1,/data/henrique/multiagent_refactoring/project/data/repositories/jsoup/src/main/java/org/jsoup/nodes/Range.java,9
jsoup,org.jsoup.nodes,Range.Position,3,0,0,0,64,0,0,0,-1.0,0,0,/data/henrique/multiagent_refactoring/project/data/repositories/jsoup/src/main/java/org/jsoup/nodes/Range.java,127
jsoup,org.jsoup.nodes,Range.AttributeRange,3,0,0,0,41,0,0,0,-1.0,0,1,/data/henrique/multiagent_refactoring/project/data/repositories/jsoup/src/main/java/org/jsoup/nodes/Range.java,207
jsoup,org.jsoup.nodes,Element,11,0,157,133,1571,241,3,1,0.34394904458598724,61,27,/data/henrique/multiagent_refactoring/project/data/repositories/jsoup/src/main/java/org/jsoup/nodes/Element.java,45
jsoup,org.jsoup.nodes,Element.TextAccumulator,1,0,0,0,23,0,0,1,-1.0,0,0,/data/henrique/multiagent_refactoring/project/data/repositories/jsoup/src/main/java/org/jsoup/nodes/Element.java,1558
jsoup,org.jsoup.nodes,Element.NodeList,1,0,0,0,18,0,0,0,-1.0,0,0,/data/henrique/multiagent_refactoring/project/data/repositories/jsoup/src/main/java/org/jsoup/nodes/Element.java,2078
jsoup,org.jsoup.nodes,PseudoTextElement,0,0,3,1,13,3,0,2,-1.0,0,4,/data/henrique/multiagent_refactoring/project/data/repositories/jsoup/src/main/java/org/jsoup/nodes/PseudoTextElement.java,6
jsoup,org.jsoup.nodes,Document,13,0,31,27,447,51,0,2,0.3548387096774194,86,15,/data/henrique/multiagent_refactoring/project/data/repositories/jsoup/src/main/java/org/jsoup/nodes/Document.java,21
jsoup,org.jsoup.nodes,Document.OutputSettings,7,0,0,0,157,0,0,0,-1.0,0,2,/data/henrique/multiagent_refactoring/project/data/repositories/jsoup/src/main/java/org/jsoup/nodes/Document.java,331
jsoup,org.jsoup.nodes,Document.Syntax,0,0,0,0,4,0,0,0,-1.0,0,0,/data/henrique/multiagent_refactoring/project/data/repositories/jsoup/src/main/java/org/jsoup/nodes/Document.java,335
jsoup,org.jsoup.nodes,Document.QuirksMode,0,0,0,0,1,0,0,0,-1.0,0,0,/data/henrique/multiagent_refactoring/project/data/repositories/jsoup/src/main/java/org/jsoup/nodes/Document.java,548
jsoup,org.jsoup.nodes,DataNode,0,0,6,5,46,9,0,2,-1.0,8,2,/data/henrique/multiagent_refactoring/project/data/repositories/jsoup/src/main/java/org/jsoup/nodes/DataNode.java,5
jsoup,org.jsoup.nodes,NodeUtils,0,0,5,0,43,5,0,0,-1.0,3,7,/data/henrique/multiagent_refactoring/project/data/repositories/jsoup/src/main/java/org/jsoup/nodes/NodeUtils.java,16
jsoup,org.jsoup.nodes,FormElement,2,0,7,6,96,20,0,2,0.42857142857142855,6,12,/data/henrique/multiagent_refactoring/project/data/repositories/jsoup/src/main/java/org/jsoup/nodes/FormElement.java,18
jsoup,org.jsoup.nodes,Printer,5,0,9,2,176,14,1,1,0.0,2,9,/data/henrique/multiagent_refactoring/project/data/repositories/jsoup/src/main/java/org/jsoup/nodes/Printer.java,10
jsoup,org.jsoup.nodes,Printer.Pretty,2,0,0,0,113,0,0,2,-1.0,0,2,/data/henrique/multiagent_refactoring/project/data/repositories/jsoup/src/main/java/org/jsoup/nodes/Printer.java,57
jsoup,org.jsoup.nodes,Printer.Outline,0,0,0,0,18,0,0,0,-1.0,0,0,/data/henrique/multiagent_refactoring/project/data/repositories/jsoup/src/main/java/org/jsoup/nodes/Printer.java,213
jsoup,org.jsoup.nodes,Entities,18,0,25,8,0,66,0,0,0.16,17,7,/data/henrique/multiagent_refactoring/project/data/repositories/jsoup/src/main/java/org/jsoup/nodes/Entities.java,21
jsoup,org.jsoup.nodes,Entities.EscapeMode,4,0,0,0,32,0,0,0,-1.0,0,1,/data/henrique/multiagent_refactoring/project/data/repositories/jsoup/src/main/java/org/jsoup/nodes/Entities.java,42
jsoup,org.jsoup.nodes,Entities.CoreCharset,0,0,0,0,6,0,0,0,-1.0,0,0,/data/henrique/multiagent_refactoring/project/data/repositories/jsoup/src/main/java/org/jsoup/nodes/Entities.java,361
jsoup,org.jsoup.nodes,XmlDeclaration,1,0,9,6,65,12,0,2,0.7777777777777778,9,4,/data/henrique/multiagent_refactoring/project/data/repositories/jsoup/src/main/java/org/jsoup/nodes/XmlDeclaration.java,7
jsoup,org.jsoup.nodes,TextNode,0,0,14,10,92,15,1,2,-1.0,14,5,/data/henrique/multiagent_refactoring/project/data/repositories/jsoup/src/main/java/org/jsoup/nodes/TextNode.java,8
jsoup,org.jsoup.nodes,Comment,0,0,9,7,57,10,0,2,-1.0,9,4,/data/henrique/multiagent_refactoring/project/data/repositories/jsoup/src/main/java/org/jsoup/nodes/Comment.java,9
jsoup,org.jsoup.nodes,Node,4,0,79,59,766,139,2,0,0.22784810126582278,32,12,/data/henrique/multiagent_refactoring/project/data/repositories/jsoup/src/main/java/org/jsoup/nodes/Node.java,21
jsoup,org.jsoup.nodes,ElementTest,1,0,236,150,2376,253,0,0,0.961864406779661,0,21,/data/henrique/multiagent_refactoring/project/data/repositories/jsoup/src/test/java/org/jsoup/nodes/ElementTest.java,39
jsoup,org.jsoup.nodes,FormElementTest,0,0,14,13,142,14,0,0,-1.0,0,11,/data/henrique/multiagent_refactoring/project/data/repositories/jsoup/src/test/java/org/jsoup/nodes/FormElementTest.java,19
jsoup,org.jsoup.nodes,NodeTest,0,0,41,30,392,47,0,0,-1.0,0,9,/data/henrique/multiagent_refactoring/project/data/repositories/jsoup/src/test/java/org/jsoup/nodes/NodeTest.java,15
jsoup,org.jsoup.nodes,BuildEntities,5,0,3,1,81,8,0,0,0.6666666666666666,0,3,/data/henrique/multiagent_refactoring/project/data/repositories/jsoup/src/test/java/org/jsoup/nodes/BuildEntities.java,16
jsoup,org.jsoup.nodes,BuildEntities.CharacterRef,3,0,0,0,8,0,0,0,-1.0,0,0,/data/henrique/multiagent_refactoring/project/data/repositories/jsoup/src/test/java/org/jsoup/nodes/BuildEntities.java,87
jsoup,org.jsoup.nodes,BuildEntities.ByCode,0,0,0,0,15,0,0,0,-1.0,0,0,/data/henrique/multiagent_refactoring/project/data/repositories/jsoup/src/test/java/org/jsoup/nodes/BuildEntities.java,106
jsoup,org.jsoup.nodes,NodeIteratorTest,1,0,16,1,209,39,0,0,0.125,0,6,/data/henrique/multiagent_refactoring/project/data/repositories/jsoup/src/test/java/org/jsoup/nodes/NodeIteratorTest.java,11
jsoup,org.jsoup.nodes,DocumentTypeTest,0,0,8,5,65,8,0,0,-1.0,0,4,/data/henrique/multiagent_refactoring/project/data/repositories/jsoup/src/test/java/org/jsoup/nodes/DocumentTypeTest.java,10
jsoup,org.jsoup.nodes,NodeStreamTest,1,0,6,0,40,6,0,0,0.3333333333333333,0,2,/data/henrique/multiagent_refactoring/project/data/repositories/jsoup/src/test/java/org/jsoup/nodes/NodeStreamTest.java,13
jsoup,org.jsoup.nodes,DocumentTest,2,0,39,33,369,41,0,0,0.6923076923076923,0,13,/data/henrique/multiagent_refactoring/project/data/repositories/jsoup/src/test/java/org/jsoup/nodes/DocumentTest.java,22
jsoup,org.jsoup.nodes,LeafNodeTest,0,0,4,3,51,6,0,0,-1.0,0,6,/data/henrique/multiagent_refactoring/project/data/repositories/jsoup/src/test/java/org/jsoup/nodes/LeafNodeTest.java,10
jsoup,org.jsoup.nodes,AttributeTest,0,0,12,9,90,12,0,0,-1.0,0,6,/data/henrique/multiagent_refactoring/project/data/repositories/jsoup/src/test/java/org/jsoup/nodes/AttributeTest.java,11
jsoup,org.jsoup.nodes,TextNodeTest,0,0,16,10,179,20,0,0,-1.0,0,8,/data/henrique/multiagent_refactoring/project/data/repositories/jsoup/src/test/java/org/jsoup/nodes/TextNodeTest.java,14
jsoup,org.jsoup.nodes,AttributesTest,0,0,25,20,326,33,0,0,-1.0,0,5,/data/henrique/multiagent_refactoring/project/data/repositories/jsoup/src/test/java/org/jsoup/nodes/AttributesTest.java,14
jsoup,org.jsoup.nodes,DataNodeTest,0,0,8,7,53,8,0,0,-1.0,0,4,/data/henrique/multiagent_refactoring/project/data/repositories/jsoup/src/test/java/org/jsoup/nodes/DataNodeTest.java,8
jsoup,org.jsoup.nodes,CommentTest,2,0,8,7,51,8,0,0,0.375,0,5,/data/henrique/multiagent_refactoring/project/data/repositories/jsoup/src/test/java/org/jsoup/nodes/CommentTest.java,8
jsoup,org.jsoup.nodes,EntitiesTest,0,0,21,19,149,21,0,0,-1.0,0,5,/data/henrique/multiagent_refactoring/project/data/repositories/jsoup/src/test/java/org/jsoup/nodes/EntitiesTest.java,12
jsoup,org.jsoup.nodes,PrinterTest,0,0,7,0,60,7,0,0,-1.0,0,4,/data/henrique/multiagent_refactoring/project/data/repositories/jsoup/src/test/java/org/jsoup/nodes/PrinterTest.java,13
jsoup,org.jsoup.nodes,ElementIT,1,0,8,3,179,21,0,0,1.0,0,4,/data/henrique/multiagent_refactoring/project/data/repositories/jsoup/src/test/java/org/jsoup/nodes/ElementIT.java,14
jsoup,org.jsoup.nodes,ElementIT.TemplateMerger,1,0,0,0,12,0,0,0,-1.0,0,1,/data/henrique/multiagent_refactoring/project/data/repositories/jsoup/src/test/java/org/jsoup/nodes/ElementIT.java,148
jsoup,org.jsoup.helper,RequestDispatch,1,0,1,0,29,3,0,0,0.0,1,2,/data/henrique/multiagent_refactoring/project/data/repositories/jsoup/src/main/java/org/jsoup/helper/RequestDispatch.java,11
jsoup,org.jsoup.helper,CookieUtil,4,0,5,0,78,17,0,0,0.6,0,4,/data/henrique/multiagent_refactoring/project/data/repositories/jsoup/src/main/java/org/jsoup/helper/CookieUtil.java,23
jsoup,org.jsoup.helper,RequestAuthenticator,3,0,1,0,68,1,0,0,-1.0,7,0,/data/henrique/multiagent_refactoring/project/data/repositories/jsoup/src/main/java/org/jsoup/helper/RequestAuthenticator.java,10
jsoup,org.jsoup.helper,RequestAuthenticator.Context,3,0,0,0,57,0,0,0,-1.0,0,0,/data/henrique/multiagent_refactoring/project/data/repositories/jsoup/src/main/java/org/jsoup/helper/RequestAuthenticator.java,26
jsoup,org.jsoup.helper,W3CDom,12,2,18,16,343,28,0,0,0.4444444444444444,3,6,/data/henrique/multiagent_refactoring/project/data/repositories/jsoup/src/main/java/org/jsoup/helper/W3CDom.java,44
jsoup,org.jsoup.helper,W3CDom.W3CBuilder,6,0,0,0,102,0,0,1,-1.0,0,1,/data/henrique/multiagent_refactoring/project/data/repositories/jsoup/src/main/java/org/jsoup/helper/W3CDom.java,341
jsoup,org.jsoup.helper,UrlConnectionExecutor,1,0,6,0,86,20,0,1,0.5,0,3,/data/henrique/multiagent_refactoring/project/data/repositories/jsoup/src/main/java/org/jsoup/helper/UrlConnectionExecutor.java,18
jsoup,org.jsoup.helper,AuthenticationHandler,5,0,3,1,63,6,0,0,0.6666666666666666,5,1,/data/henrique/multiagent_refactoring/project/data/repositories/jsoup/src/main/java/org/jsoup/helper/AuthenticationHandler.java,9
jsoup,org.jsoup.helper,AuthenticationHandler.AuthShim,0,0,0,0,5,0,0,0,-1.0,0,0,/data/henrique/multiagent_refactoring/project/data/repositories/jsoup/src/main/java/org/jsoup/helper/AuthenticationHandler.java,61
jsoup,org.jsoup.helper,AuthenticationHandler.GlobalHandler,1,0,0,0,18,0,0,0,-1.0,0,0,/data/henrique/multiagent_refactoring/project/data/repositories/jsoup/src/main/java/org/jsoup/helper/AuthenticationHandler.java,69
jsoup,org.jsoup.helper,ValidationException,1,1,2,2,20,4,0,0,1.0,3,0,/data/henrique/multiagent_refactoring/project/data/repositories/jsoup/src/main/java/org/jsoup/helper/ValidationException.java,6
jsoup,org.jsoup.helper,HttpConnection,56,5,48,44,1021,58,0,1,0.041666666666666664,10,10,/data/henrique/multiagent_refactoring/project/data/repositories/jsoup/src/main/java/org/jsoup/helper/HttpConnection.java,55
jsoup,org.jsoup.helper,HttpConnection.Base,5,0,0,0,145,0,0,0,-1.0,0,1,/data/henrique/multiagent_refactoring/project/data/repositories/jsoup/src/main/java/org/jsoup/helper/HttpConnection.java,410
jsoup,org.jsoup.helper,HttpConnection.Request,19,0,0,0,162,0,0,0,-1.0,0,6,/data/henrique/multiagent_refactoring/project/data/repositories/jsoup/src/main/java/org/jsoup/helper/HttpConnection.java,608
jsoup,org.jsoup.helper,HttpConnection.Response,15,0,0,0,388,0,0,0,-1.0,0,6,/data/henrique/multiagent_refactoring/project/data/repositories/jsoup/src/main/java/org/jsoup/helper/HttpConnection.java,832
jsoup,org.jsoup.helper,HttpConnection.KeyVal,4,0,0,0,56,0,0,0,-1.0,0,1,/data/henrique/multiagent_refactoring/project/data/repositories/jsoup/src/main/java/org/jsoup/helper/HttpConnection.java,1343
jsoup,org.jsoup.helper,Re2jRegex,3,0,4,3,37,4,0,1,0.5,1,1,/data/henrique/multiagent_refactoring/project/data/repositories/jsoup/src/main/java/org/jsoup/helper/Re2jRegex.java,3
jsoup,org.jsoup.helper,Re2jRegex.Re2jMatcher,1,0,0,0,9,0,0,0,-1.0,0,0,/data/henrique/multiagent_refactoring/project/data/repositories/jsoup/src/main/java/org/jsoup/helper/Re2jRegex.java,36
jsoup,org.jsoup.helper,Regex,3,0,9,5,87,11,1,0,0.4444444444444444,13,2,/data/henrique/multiagent_refactoring/project/data/repositories/jsoup/src/main/java/org/jsoup/helper/Regex.java,10
jsoup,org.jsoup.helper,Regex.Matcher,0,0,0,0,3,0,0,0,-1.0,0,0,/data/henrique/multiagent_refactoring/project/data/repositories/jsoup/src/main/java/org/jsoup/helper/Regex.java,103
jsoup,org.jsoup.helper,Regex.JdkMatcher,1,0,0,0,9,0,0,0,-1.0,0,0,/data/henrique/multiagent_refactoring/project/data/repositories/jsoup/src/main/java/org/jsoup/helper/Regex.java,107
jsoup,org.jsoup.helper,UrlBuilder,3,0,6,0,73,16,0,0,0.0,1,3,/data/henrique/multiagent_refactoring/project/data/repositories/jsoup/src/main/java/org/jsoup/helper/UrlBuilder.java,18
jsoup,org.jsoup.helper,DataUtil,10,1,19,8,316,49,0,0,0.47368421052631576,13,13,/data/henrique/multiagent_refactoring/project/data/repositories/jsoup/src/main/java/org/jsoup/helper/DataUtil.java,41
jsoup,org.jsoup.helper,DataUtil.CharsetDoc,3,0,0,0,13,0,0,0,-1.0,0,1,/data/henrique/multiagent_refactoring/project/data/repositories/jsoup/src/main/java/org/jsoup/helper/DataUtil.java,210
jsoup,org.jsoup.helper,RequestExecutor,2,0,4,0,14,4,2,0,1.0,4,0,/data/henrique/multiagent_refactoring/project/data/repositories/jsoup/src/main/java/org/jsoup/helper/RequestExecutor.java,11
jsoup,org.jsoup.helper,Validate,0,0,21,19,191,37,0,0,-1.0,38,0,/data/henrique/multiagent_refactoring/project/data/repositories/jsoup/src/main/java/org/jsoup/helper/Validate.java,5
jsoup,org.jsoup.helper,RequestAuthHandler,0,0,4,4,26,6,0,0,-1.0,0,2,/data/henrique/multiagent_refactoring/project/data/repositories/jsoup/src/main/java11/org/jsoup/helper/RequestAuthHandler.java,6
jsoup,org.jsoup.helper,HttpClientExecutor,3,0,7,1,132,21,0,1,0.42857142857142855,1,3,/data/henrique/multiagent_refactoring/project/data/repositories/jsoup/src/main/java11/org/jsoup/helper/HttpClientExecutor.java,26
jsoup,org.jsoup.helper,HttpClientExecutor.ProxyWrap,1,0,0,0,23,0,0,0,-1.0,0,0,/data/henrique/multiagent_refactoring/project/data/repositories/jsoup/src/main/java11/org/jsoup/helper/HttpClientExecutor.java,159
jsoup,org.jsoup.helper,AuthenticationHandlerTest,1,1,0,0,3,0,0,0,-1.0,0,1,/data/henrique/multiagent_refactoring/project/data/repositories/jsoup/src/test/java/org/jsoup/helper/AuthenticationHandlerTest.java,3
jsoup,org.jsoup.helper,ValidateTest,0,0,16,13,231,17,0,0,-1.0,0,1,/data/henrique/multiagent_refactoring/project/data/repositories/jsoup/src/test/java/org/jsoup/helper/ValidateTest.java,8
jsoup,org.jsoup.helper,CookieUtilTest,0,0,1,0,15,1,0,0,-1.0,0,1,/data/henrique/multiagent_refactoring/project/data/repositories/jsoup/src/test/java/org/jsoup/helper/CookieUtilTest.java,7
jsoup,org.jsoup.helper,DataUtilTest,2,0,33,26,231,33,0,0,0.8181818181818182,0,6,/data/henrique/multiagent_refactoring/project/data/repositories/jsoup/src/test/java/org/jsoup/helper/DataUtilTest.java,22
jsoup,org.jsoup.helper,DataUtilTest.VaryingReadInputStream,2,0,0,0,16,0,0,0,-1.0,0,0,/data/henrique/multiagent_refactoring/project/data/repositories/jsoup/src/test/java/org/jsoup/helper/DataUtilTest.java,298
jsoup,org.jsoup.helper,HttpConnectionTest,0,0,41,29,333,42,0,0,-1.0,0,6,/data/henrique/multiagent_refactoring/project/data/repositories/jsoup/src/test/java/org/jsoup/helper/HttpConnectionTest.java,29
jsoup,org.jsoup.helper,RegexTest,1,0,6,0,44,6,0,0,0.8333333333333334,0,4,/data/henrique/multiagent_refactoring/project/data/repositories/jsoup/src/test/java/org/jsoup/helper/RegexTest.java,13
jsoup,org.jsoup.helper,W3CDomTest,0,0,27,15,356,28,0,0,-1.0,0,9,/data/henrique/multiagent_refactoring/project/data/repositories/jsoup/src/test/java/org/jsoup/helper/W3CDomTest.java,39
jsoup,org.jsoup.helper,HttpClientExecutorTest,0,0,14,8,93,14,0,0,-1.0,4,5,/data/henrique/multiagent_refactoring/project/data/repositories/jsoup/src/test/java11/org/jsoup/helper/HttpClientExecutorTest.java,12
jsoup,org.jsoup.select,Elements,0,0,60,58,557,98,0,1,-1.0,31,7,/data/henrique/multiagent_refactoring/project/data/repositories/jsoup/src/main/java/org/jsoup/select/Elements.java,23
jsoup,org.jsoup.select,NodeVisitor,0,0,3,0,26,3,7,0,-1.0,6,2,/data/henrique/multiagent_refactoring/project/data/repositories/jsoup/src/main/java/org/jsoup/select/NodeVisitor.java,6
jsoup,org.jsoup.select,NodeFilter,0,0,3,0,48,3,0,0,-1.0,5,2,/data/henrique/multiagent_refactoring/project/data/repositories/jsoup/src/main/java/org/jsoup/select/NodeFilter.java,5
jsoup,org.jsoup.select,NodeFilter.FilterResult,0,0,0,0,19,0,0,0,-1.0,0,0,/data/henrique/multiagent_refactoring/project/data/repositories/jsoup/src/main/java/org/jsoup/select/NodeFilter.java,26
jsoup,org.jsoup.select,Selector,0,0,12,10,161,19,0,0,-1.0,10,7,/data/henrique/multiagent_refactoring/project/data/repositories/jsoup/src/main/java/org/jsoup/select/Selector.java,13
jsoup,org.jsoup.select,Selector.SelectorParseException,0,0,0,0,11,0,0,0,-1.0,0,0,/data/henrique/multiagent_refactoring/project/data/repositories/jsoup/src/main/java/org/jsoup/select/Selector.java,288
jsoup,org.jsoup.select,Nodes,0,0,26,26,247,38,1,0,-1.0,4,2,/data/henrique/multiagent_refactoring/project/data/repositories/jsoup/src/main/java/org/jsoup/select/Nodes.java,17
jsoup,org.jsoup.select,Evaluator,24,0,9,2,773,11,33,0,0.6666666666666666,18,5,/data/henrique/multiagent_refactoring/project/data/repositories/jsoup/src/main/java/org/jsoup/select/Evaluator.java,25
jsoup,org.jsoup.select,Evaluator.Tag,1,0,0,0,18,0,0,1,-1.0,0,0,/data/henrique/multiagent_refactoring/project/data/repositories/jsoup/src/main/java/org/jsoup/select/Evaluator.java,90
jsoup,org.jsoup.select,Evaluator.TagStartsWith,1,0,0,0,15,0,0,1,-1.0,0,0,/data/henrique/multiagent_refactoring/project/data/repositories/jsoup/src/main/java/org/jsoup/select/Evaluator.java,115
jsoup,org.jsoup.select,Evaluator.TagEndsWith,1,0,0,0,15,0,0,1,-1.0,0,0,/data/henrique/multiagent_refactoring/project/data/repositories/jsoup/src/main/java/org/jsoup/select/Evaluator.java,137
jsoup,org.jsoup.select,Evaluator.Id,1,0,0,0,18,0,0,1,-1.0,0,0,/data/henrique/multiagent_refactoring/project/data/repositories/jsoup/src/main/java/org/jsoup/select/Evaluator.java,158
jsoup,org.jsoup.select,Evaluator.Class,1,0,0,0,18,0,0,1,-1.0,0,0,/data/henrique/multiagent_refactoring/project/data/repositories/jsoup/src/main/java/org/jsoup/select/Evaluator.java,182
jsoup,org.jsoup.select,Evaluator.Attribute,1,0,0,0,18,0,0,1,-1.0,0,0,/data/henrique/multiagent_refactoring/project/data/repositories/jsoup/src/main/java/org/jsoup/select/Evaluator.java,208
jsoup,org.jsoup.select,Evaluator.AttributeStarting,1,0,0,0,23,0,0,1,-1.0,0,0,/data/henrique/multiagent_refactoring/project/data/repositories/jsoup/src/main/java/org/jsoup/select/Evaluator.java,233
jsoup,org.jsoup.select,Evaluator.AttributeWithValue,0,0,0,0,17,0,0,0,-1.0,0,0,/data/henrique/multiagent_refactoring/project/data/repositories/jsoup/src/main/java/org/jsoup/select/Evaluator.java,265
jsoup,org.jsoup.select,Evaluator.AttributeWithValueNot,0,0,0,0,17,0,0,0,-1.0,0,0,/data/henrique/multiagent_refactoring/project/data/repositories/jsoup/src/main/java/org/jsoup/select/Evaluator.java,289
jsoup,org.jsoup.select,Evaluator.AttributeWithValueStarting,0,0,0,0,17,0,0,0,-1.0,0,0,/data/henrique/multiagent_refactoring/project/data/repositories/jsoup/src/main/java/org/jsoup/select/Evaluator.java,313
jsoup,org.jsoup.select,Evaluator.AttributeWithValueEnding,0,0,0,0,17,0,0,0,-1.0,0,0,/data/henrique/multiagent_refactoring/project/data/repositories/jsoup/src/main/java/org/jsoup/select/Evaluator.java,336
jsoup,org.jsoup.select,Evaluator.AttributeWithValueContaining,0,0,0,0,17,0,0,0,-1.0,0,0,/data/henrique/multiagent_refactoring/project/data/repositories/jsoup/src/main/java/org/jsoup/select/Evaluator.java,359
jsoup,org.jsoup.select,Evaluator.AttributeWithValueMatching,2,0,0,0,23,0,0,1,-1.0,0,1,/data/henrique/multiagent_refactoring/project/data/repositories/jsoup/src/main/java/org/jsoup/select/Evaluator.java,383
jsoup,org.jsoup.select,Evaluator.AttributeKeyPair,2,0,0,0,24,0,0,1,-1.0,0,0,/data/henrique/multiagent_refactoring/project/data/repositories/jsoup/src/main/java/org/jsoup/select/Evaluator.java,415
jsoup,org.jsoup.select,Evaluator.AllElements,0,0,0,0,14,0,0,1,-1.0,0,0,/data/henrique/multiagent_refactoring/project/data/repositories/jsoup/src/main/java/org/jsoup/select/Evaluator.java,449
jsoup,org.jsoup.select,Evaluator.IndexLessThan,0,0,0,0,14,0,0,0,-1.0,0,0,/data/henrique/multiagent_refactoring/project/data/repositories/jsoup/src/main/java/org/jsoup/select/Evaluator.java,469
jsoup,org.jsoup.select,Evaluator.IndexGreaterThan,0,0,0,0,14,0,0,0,-1.0,0,0,/data/henrique/multiagent_refactoring/project/data/repositories/jsoup/src/main/java/org/jsoup/select/Evaluator.java,489
jsoup,org.jsoup.select,Evaluator.IndexEquals,0,0,0,0,14,0,0,0,-1.0,0,0,/data/henrique/multiagent_refactoring/project/data/repositories/jsoup/src/main/java/org/jsoup/select/Evaluator.java,509
jsoup,org.jsoup.select,Evaluator.IsLastChild,0,0,0,0,12,0,0,1,-1.0,0,0,/data/henrique/multiagent_refactoring/project/data/repositories/jsoup/src/main/java/org/jsoup/select/Evaluator.java,529
jsoup,org.jsoup.select,Evaluator.IsFirstOfType,0,0,0,0,8,0,0,0,-1.0,0,0,/data/henrique/multiagent_refactoring/project/data/repositories/jsoup/src/main/java/org/jsoup/select/Evaluator.java,545
jsoup,org.jsoup.select,Evaluator.IsLastOfType,0,0,0,0,8,0,0,0,-1.0,0,0,/data/henrique/multiagent_refactoring/project/data/repositories/jsoup/src/main/java/org/jsoup/select/Evaluator.java,555
jsoup,org.jsoup.select,Evaluator.CssNthEvaluator,2,0,0,0,30,0,0,1,-1.0,0,0,/data/henrique/multiagent_refactoring/project/data/repositories/jsoup/src/main/java/org/jsoup/select/Evaluator.java,566
jsoup,org.jsoup.select,Evaluator.IsNthChild,0,0,0,0,15,0,0,0,-1.0,0,0,/data/henrique/multiagent_refactoring/project/data/repositories/jsoup/src/main/java/org/jsoup/select/Evaluator.java,607
jsoup,org.jsoup.select,Evaluator.IsNthLastChild,0,0,0,0,16,0,0,0,-1.0,0,0,/data/henrique/multiagent_refactoring/project/data/repositories/jsoup/src/main/java/org/jsoup/select/Evaluator.java,628
jsoup,org.jsoup.select,Evaluator.IsNthOfType,0,0,0,0,23,0,0,0,-1.0,0,0,/data/henrique/multiagent_refactoring/project/data/repositories/jsoup/src/main/java/org/jsoup/select/Evaluator.java,650
jsoup,org.jsoup.select,Evaluator.IsNthLastOfType,0,0,0,0,19,0,0,0,-1.0,0,0,/data/henrique/multiagent_refactoring/project/data/repositories/jsoup/src/main/java/org/jsoup/select/Evaluator.java,680
jsoup,org.jsoup.select,Evaluator.IsFirstChild,0,0,0,0,12,0,0,1,-1.0,0,0,/data/henrique/multiagent_refactoring/project/data/repositories/jsoup/src/main/java/org/jsoup/select/Evaluator.java,707
jsoup,org.jsoup.select,Evaluator.IsRoot,0,0,0,0,16,0,0,1,-1.0,0,0,/data/henrique/multiagent_refactoring/project/data/repositories/jsoup/src/main/java/org/jsoup/select/Evaluator.java,723
jsoup,org.jsoup.select,Evaluator.IsOnlyChild,0,0,0,0,9,0,0,1,-1.0,0,0,/data/henrique/multiagent_refactoring/project/data/repositories/jsoup/src/main/java/org/jsoup/select/Evaluator.java,745
jsoup,org.jsoup.select,Evaluator.IsOnlyOfType,0,0,0,0,17,0,0,1,-1.0,0,0,/data/henrique/multiagent_refactoring/project/data/repositories/jsoup/src/main/java/org/jsoup/select/Evaluator.java,757
jsoup,org.jsoup.select,Evaluator.IsEmpty,0,0,0,0,14,0,0,1,-1.0,0,0,/data/henrique/multiagent_refactoring/project/data/repositories/jsoup/src/main/java/org/jsoup/select/Evaluator.java,780
jsoup,org.jsoup.select,Evaluator.IndexEvaluator,1,0,0,0,10,0,0,1,-1.0,0,0,/data/henrique/multiagent_refactoring/project/data/repositories/jsoup/src/main/java/org/jsoup/select/Evaluator.java,799
jsoup,org.jsoup.select,Evaluator.ContainsText,1,0,0,0,18,0,0,1,-1.0,0,0,/data/henrique/multiagent_refactoring/project/data/repositories/jsoup/src/main/java/org/jsoup/select/Evaluator.java,812
jsoup,org.jsoup.select,Evaluator.ContainsWholeText,1,0,0,0,19,0,0,1,-1.0,0,0,/data/henrique/multiagent_refactoring/project/data/repositories/jsoup/src/main/java/org/jsoup/select/Evaluator.java,837
jsoup,org.jsoup.select,Evaluator.ContainsWholeOwnText,1,0,0,0,16,0,0,1,-1.0,0,0,/data/henrique/multiagent_refactoring/project/data/repositories/jsoup/src/main/java/org/jsoup/select/Evaluator.java,864
jsoup,org.jsoup.select,Evaluator.ContainsData,1,0,0,0,15,0,0,1,-1.0,0,0,/data/henrique/multiagent_refactoring/project/data/repositories/jsoup/src/main/java/org/jsoup/select/Evaluator.java,887
jsoup,org.jsoup.select,Evaluator.ContainsOwnText,1,0,0,0,15,0,0,1,-1.0,0,0,/data/henrique/multiagent_refactoring/project/data/repositories/jsoup/src/main/java/org/jsoup/select/Evaluator.java,908
jsoup,org.jsoup.select,Evaluator.Matches,1,0,0,0,21,0,0,1,-1.0,0,1,/data/henrique/multiagent_refactoring/project/data/repositories/jsoup/src/main/java/org/jsoup/select/Evaluator.java,929
jsoup,org.jsoup.select,Evaluator.MatchesOwn,1,0,0,0,21,0,0,1,-1.0,0,1,/data/henrique/multiagent_refactoring/project/data/repositories/jsoup/src/main/java/org/jsoup/select/Evaluator.java,958
jsoup,org.jsoup.select,Evaluator.MatchesWholeText,1,0,0,0,22,0,0,1,-1.0,0,1,/data/henrique/multiagent_refactoring/project/data/repositories/jsoup/src/main/java/org/jsoup/select/Evaluator.java,987
jsoup,org.jsoup.select,Evaluator.MatchesWholeOwnText,1,0,0,0,23,0,0,1,-1.0,0,1,/data/henrique/multiagent_refactoring/project/data/repositories/jsoup/src/main/java/org/jsoup/select/Evaluator.java,1017
jsoup,org.jsoup.select,Evaluator.MatchText,1,0,0,0,28,0,0,1,-1.0,0,1,/data/henrique/multiagent_refactoring/project/data/repositories/jsoup/src/main/java/org/jsoup/select/Evaluator.java,1048
jsoup,org.jsoup.select,NodeTraversor,0,0,4,4,124,32,0,0,-1.0,3,5,/data/henrique/multiagent_refactoring/project/data/repositories/jsoup/src/main/java/org/jsoup/select/NodeTraversor.java,8
jsoup,org.jsoup.select,Collector,0,0,7,6,79,7,0,0,-1.0,3,4,/data/henrique/multiagent_refactoring/project/data/repositories/jsoup/src/main/java/org/jsoup/select/Collector.java,15
jsoup,org.jsoup.select,StructuralEvaluator,7,0,7,2,220,7,7,1,0.2857142857142857,4,5,/data/henrique/multiagent_refactoring/project/data/repositories/jsoup/src/main/java/org/jsoup/select/StructuralEvaluator.java,15
jsoup,org.jsoup.select,StructuralEvaluator.Root,0,0,0,0,11,0,0,1,-1.0,0,0,/data/henrique/multiagent_refactoring/project/data/repositories/jsoup/src/main/java/org/jsoup/select/StructuralEvaluator.java,60
jsoup,org.jsoup.select,StructuralEvaluator.Has,2,0,0,0,50,0,0,2,-1.0,0,1,/data/henrique/multiagent_refactoring/project/data/repositories/jsoup/src/main/java/org/jsoup/select/StructuralEvaluator.java,75
jsoup,org.jsoup.select,StructuralEvaluator.Is,0,0,0,0,17,0,0,2,-1.0,0,0,/data/henrique/multiagent_refactoring/project/data/repositories/jsoup/src/main/java/org/jsoup/select/StructuralEvaluator.java,139
jsoup,org.jsoup.select,StructuralEvaluator.Not,0,0,0,0,14,0,0,2,-1.0,0,0,/data/henrique/multiagent_refactoring/project/data/repositories/jsoup/src/main/java/org/jsoup/select/StructuralEvaluator.java,160
jsoup,org.jsoup.select,StructuralEvaluator.Ancestor,0,0,0,0,22,0,0,2,-1.0,0,0,/data/henrique/multiagent_refactoring/project/data/repositories/jsoup/src/main/java/org/jsoup/select/StructuralEvaluator.java,180
jsoup,org.jsoup.select,StructuralEvaluator.ImmediateParentRun,2,0,0,0,39,0,0,2,-1.0,0,0,/data/henrique/multiagent_refactoring/project/data/repositories/jsoup/src/main/java/org/jsoup/select/StructuralEvaluator.java,213
jsoup,org.jsoup.select,StructuralEvaluator.PreviousSibling,0,0,0,0,19,0,0,2,-1.0,0,0,/data/henrique/multiagent_refactoring/project/data/repositories/jsoup/src/main/java/org/jsoup/select/StructuralEvaluator.java,266
jsoup,org.jsoup.select,StructuralEvaluator.ImmediatePreviousSibling,0,0,0,0,16,0,0,2,-1.0,0,0,/data/henrique/multiagent_refactoring/project/data/repositories/jsoup/src/main/java/org/jsoup/select/StructuralEvaluator.java,293
jsoup,org.jsoup.select,QueryParser,8,0,31,3,0,111,0,0,0.0,7,10,/data/henrique/multiagent_refactoring/project/data/repositories/jsoup/src/main/java/org/jsoup/select/QueryParser.java,22
jsoup,org.jsoup.select,CombiningEvaluator,5,0,7,1,112,11,2,1,0.0,3,1,/data/henrique/multiagent_refactoring/project/data/repositories/jsoup/src/main/java/org/jsoup/select/CombiningEvaluator.java,15
jsoup,org.jsoup.select,CombiningEvaluator.And,0,0,0,0,25,0,0,2,-1.0,0,0,/data/henrique/multiagent_refactoring/project/data/repositories/jsoup/src/main/java/org/jsoup/select/CombiningEvaluator.java,80
jsoup,org.jsoup.select,CombiningEvaluator.Or,0,0,0,0,35,0,0,2,-1.0,0,0,/data/henrique/multiagent_refactoring/project/data/repositories/jsoup/src/main/java/org/jsoup/select/CombiningEvaluator.java,115
jsoup,org.jsoup.select,NodeEvaluator,4,0,4,1,74,4,4,1,0.5,1,4,/data/henrique/multiagent_refactoring/project/data/repositories/jsoup/src/main/java/org/jsoup/select/NodeEvaluator.java,12
jsoup,org.jsoup.select,NodeEvaluator.InstanceType,2,0,0,0,18,0,0,2,-1.0,0,0,/data/henrique/multiagent_refactoring/project/data/repositories/jsoup/src/main/java/org/jsoup/select/NodeEvaluator.java,29
jsoup,org.jsoup.select,NodeEvaluator.ContainsValue,1,0,0,0,15,0,0,2,-1.0,0,0,/data/henrique/multiagent_refactoring/project/data/repositories/jsoup/src/main/java/org/jsoup/select/NodeEvaluator.java,55
jsoup,org.jsoup.select,NodeEvaluator.BlankValue,0,0,0,0,14,0,0,2,-1.0,0,0,/data/henrique/multiagent_refactoring/project/data/repositories/jsoup/src/main/java/org/jsoup/select/NodeEvaluator.java,78
jsoup,org.jsoup.select,NodeEvaluator.MatchesValue,1,0,0,0,15,0,0,2,-1.0,0,1,/data/henrique/multiagent_refactoring/project/data/repositories/jsoup/src/main/java/org/jsoup/select/NodeEvaluator.java,99
jsoup,org.jsoup.select,EvaluatorDebug,1,0,5,5,60,10,0,0,0.4,0,5,/data/henrique/multiagent_refactoring/project/data/repositories/jsoup/src/test/java/org/jsoup/select/EvaluatorDebug.java,8
jsoup,org.jsoup.select,EvaluatorDebug.SexprVisitor,1,0,0,0,14,0,0,1,-1.0,0,0,/data/henrique/multiagent_refactoring/project/data/repositories/jsoup/src/test/java/org/jsoup/select/EvaluatorDebug.java,61
jsoup,org.jsoup.select,EvaluatorTest,0,0,45,44,211,45,0,0,-1.0,0,6,/data/henrique/multiagent_refactoring/project/data/repositories/jsoup/src/test/java/org/jsoup/select/EvaluatorTest.java,13
jsoup,org.jsoup.select,NodesTest,0,0,3,0,20,3,0,0,-1.0,0,3,/data/henrique/multiagent_refactoring/project/data/repositories/jsoup/src/test/java/org/jsoup/select/NodesTest.java,10
jsoup,org.jsoup.select,SelectorTest,3,0,138,103,1297,140,0,0,0.9420289855072463,1,11,/data/henrique/multiagent_refactoring/project/data/repositories/jsoup/src/test/java/org/jsoup/select/SelectorTest.java,24
jsoup,org.jsoup.select,SelectorTest.ResetTracker,1,0,0,0,10,0,0,1,-1.0,0,0,/data/henrique/multiagent_refactoring/project/data/repositories/jsoup/src/test/java/org/jsoup/select/SelectorTest.java,1410
jsoup,org.jsoup.select,QueryParserTest,0,0,17,12,106,17,0,0,-1.0,0,6,/data/henrique/multiagent_refactoring/project/data/repositories/jsoup/src/test/java/org/jsoup/select/QueryParserTest.java,13
jsoup,org.jsoup.select,TraversorTest,1,0,29,25,184,47,0,0,0.9310344827586207,0,6,/data/henrique/multiagent_refactoring/project/data/repositories/jsoup/src/test/java/org/jsoup/select/TraversorTest.java,20
jsoup,org.jsoup.select,XpathTest,0,0,16,9,177,16,0,0,-1.0,0,6,/data/henrique/multiagent_refactoring/project/data/repositories/jsoup/src/test/java/org/jsoup/select/XpathTest.java,25
jsoup,org.jsoup.select,XpathTest.AlternateXpathFactory,0,0,0,0,20,0,0,0,-1.0,0,0,/data/henrique/multiagent_refactoring/project/data/repositories/jsoup/src/test/java/org/jsoup/select/XpathTest.java,248
jsoup,org.jsoup.select,SelectorIT,1,0,1,1,36,4,0,0,0.0,0,5,/data/henrique/multiagent_refactoring/project/data/repositories/jsoup/src/test/java/org/jsoup/select/SelectorIT.java,14
jsoup,org.jsoup.select,SelectorIT.ThreadCatcher,1,0,0,0,7,0,0,0,-1.0,0,0,/data/henrique/multiagent_refactoring/project/data/repositories/jsoup/src/test/java/org/jsoup/select/SelectorIT.java,50
jsoup,org.jsoup.select,StructuralEvaluatorTest,1,0,3,0,48,11,0,0,0.6666666666666666,0,7,/data/henrique/multiagent_refactoring/project/data/repositories/jsoup/src/test/java/org/jsoup/select/StructuralEvaluatorTest.java,15
jsoup,org.jsoup.select,CssTest,2,0,20,19,158,28,0,0,0.1,0,4,/data/henrique/multiagent_refactoring/project/data/repositories/jsoup/src/test/java/org/jsoup/select/CssTest.java,13
jsoup,org.jsoup.select,ElementsTest,0,0,56,51,511,59,0,0,-1.0,0,7,/data/henrique/multiagent_refactoring/project/data/repositories/jsoup/src/test/java/org/jsoup/select/ElementsTest.java,20
jsoup,org.jsoup.parser,ParseSettings,4,2,8,5,70,11,0,0,0.25,23,2,/data/henrique/multiagent_refactoring/project/data/repositories/jsoup/src/main/java/org/jsoup/parser/ParseSettings.java,9
jsoup,org.jsoup.parser,Tokeniser,24,0,27,0,244,59,0,0,0.1111111111111111,7,11,/data/henrique/multiagent_refactoring/project/data/repositories/jsoup/src/main/java/org/jsoup/parser/Tokeniser.java,11
jsoup,org.jsoup.parser,Parser,11,4,30,29,298,33,0,0,0.26666666666666666,44,10,/data/henrique/multiagent_refactoring/project/data/repositories/jsoup/src/main/java/org/jsoup/parser/Parser.java,14
jsoup,org.jsoup.parser,StreamParser,9,0,18,18,259,19,0,0,0.2222222222222222,2,7,/data/henrique/multiagent_refactoring/project/data/repositories/jsoup/src/main/java/org/jsoup/parser/StreamParser.java,28
jsoup,org.jsoup.parser,StreamParser.ElementIterator,4,0,0,0,66,0,0,1,-1.0,0,1,/data/henrique/multiagent_refactoring/project/data/repositories/jsoup/src/main/java/org/jsoup/parser/StreamParser.java,307
jsoup,org.jsoup.parser,TokenData,2,0,10,1,77,19,0,0,0.2,7,1,/data/henrique/multiagent_refactoring/project/data/repositories/jsoup/src/main/java/org/jsoup/parser/TokenData.java,6
jsoup,org.jsoup.parser,Token,28,0,20,0,397,20,5,0,0.5,7,6,/data/henrique/multiagent_refactoring/project/data/repositories/jsoup/src/main/java/org/jsoup/parser/Token.java,9
jsoup,org.jsoup.parser,Token.Doctype,5,0,0,0,37,0,0,1,-1.0,0,1,/data/henrique/multiagent_refactoring/project/data/repositories/jsoup/src/main/java/org/jsoup/parser/Token.java,51
jsoup,org.jsoup.parser,Token.Tag,14,0,0,0,145,0,0,1,-1.0,0,6,/data/henrique/multiagent_refactoring/project/data/repositories/jsoup/src/main/java/org/jsoup/parser/Token.java,99
jsoup,org.jsoup.parser,Token.StartTag,0,0,0,0,21,0,0,1,-1.0,0,0,/data/henrique/multiagent_refactoring/project/data/repositories/jsoup/src/main/java/org/jsoup/parser/Token.java,299
jsoup,org.jsoup.parser,Token.EndTag,0,0,0,0,8,0,0,1,-1.0,0,0,/data/henrique/multiagent_refactoring/project/data/repositories/jsoup/src/main/java/org/jsoup/parser/Token.java,330
jsoup,org.jsoup.parser,Token.Comment,2,0,0,0,27,0,0,1,-1.0,0,1,/data/henrique/multiagent_refactoring/project/data/repositories/jsoup/src/main/java/org/jsoup/parser/Token.java,341
jsoup,org.jsoup.parser,Token.Character,2,0,0,0,44,0,0,1,-1.0,0,3,/data/henrique/multiagent_refactoring/project/data/repositories/jsoup/src/main/java/org/jsoup/parser/Token.java,377
jsoup,org.jsoup.parser,Token.CData,0,0,0,0,9,0,0,0,-1.0,0,0,/data/henrique/multiagent_refactoring/project/data/repositories/jsoup/src/main/java/org/jsoup/parser/Token.java,434
jsoup,org.jsoup.parser,Token.XmlDecl,1,0,0,0,20,0,0,1,-1.0,0,0,/data/henrique/multiagent_refactoring/project/data/repositories/jsoup/src/main/java/org/jsoup/parser/Token.java,447
jsoup,org.jsoup.parser,Token.EOF,0,0,0,0,12,0,0,1,-1.0,0,1,/data/henrique/multiagent_refactoring/project/data/repositories/jsoup/src/main/java/org/jsoup/parser/Token.java,475
jsoup,org.jsoup.parser,Token.TokenType,0,0,0,0,1,0,0,0,-1.0,0,0,/data/henrique/multiagent_refactoring/project/data/repositories/jsoup/src/main/java/org/jsoup/parser/Token.java,544
jsoup,org.jsoup.parser,CharacterReader,21,0,57,17,540,130,0,0,0.05263157894736842,12,4,/data/henrique/multiagent_refactoring/project/data/repositories/jsoup/src/main/java/org/jsoup/parser/CharacterReader.java,17
jsoup,org.jsoup.parser,CharacterReader.CharPredicate,0,0,0,0,3,0,0,0,-1.0,0,0,/data/henrique/multiagent_refactoring/project/data/repositories/jsoup/src/main/java/org/jsoup/parser/CharacterReader.java,691
jsoup,org.jsoup.parser,TokeniserState,6,0,0,0,0,0,0,0,-1.0,10,4,/data/henrique/multiagent_refactoring/project/data/repositories/jsoup/src/main/java/org/jsoup/parser/TokeniserState.java,7
jsoup,org.jsoup.parser,HtmlTreeBuilderState,41,0,0,0,0,0,0,0,-1.0,1,6,/data/henrique/multiagent_refactoring/project/data/repositories/jsoup/src/main/java/org/jsoup/parser/HtmlTreeBuilderState.java,20
jsoup,org.jsoup.parser,HtmlTreeBuilderState.Constants,39,0,0,0,41,0,0,0,-1.0,0,0,/data/henrique/multiagent_refactoring/project/data/repositories/jsoup/src/main/java/org/jsoup/parser/HtmlTreeBuilderState.java,1899
jsoup,org.jsoup.parser,TreeBuilder,13,0,32,0,263,56,2,0,0.1875,7,16,/data/henrique/multiagent_refactoring/project/data/repositories/jsoup/src/main/java/org/jsoup/parser/TreeBuilder.java,19
jsoup,org.jsoup.parser,Tag,14,10,32,28,307,39,3,0,0.0625,25,3,/data/henrique/multiagent_refactoring/project/data/repositories/jsoup/src/main/java/org/jsoup/parser/Tag.java,9
jsoup,org.jsoup.parser,ParseErrorList,3,0,7,3,36,7,0,0,0.42857142857142855,9,0,/data/henrique/multiagent_refactoring/project/data/repositories/jsoup/src/main/java/org/jsoup/parser/ParseErrorList.java,5
jsoup,org.jsoup.parser,HtmlTreeBuilder,31,1,95,1,0,227,0,1,0.24210526315789474,2,18,/data/henrique/multiagent_refactoring/project/data/repositories/jsoup/src/main/java/org/jsoup/parser/HtmlTreeBuilder.java,26
jsoup,org.jsoup.parser,TokenQueue,7,0,34,23,396,86,0,0,0.058823529411764705,4,3,/data/henrique/multiagent_refactoring/project/data/repositories/jsoup/src/main/java/org/jsoup/parser/TokenQueue.java,6
jsoup,org.jsoup.parser,XmlTreeBuilder,4,0,22,1,0,55,0,1,0.5,2,20,/data/henrique/multiagent_refactoring/project/data/repositories/jsoup/src/main/java/org/jsoup/parser/XmlTreeBuilder.java,30
jsoup,org.jsoup.parser,TagSet,4,0,14,10,167,29,0,0,0.14285714285714285,11,4,/data/henrique/multiagent_refactoring/project/data/repositories/jsoup/src/main/java/org/jsoup/parser/TagSet.java,17
jsoup,org.jsoup.parser,ParseError,3,0,8,4,52,8,0,0,0.0,0,1,/data/henrique/multiagent_refactoring/project/data/repositories/jsoup/src/main/java/org/jsoup/parser/ParseError.java,3
jsoup,org.jsoup.parser,TagTest,0,0,22,14,195,22,0,0,-1.0,0,6,/data/henrique/multiagent_refactoring/project/data/repositories/jsoup/src/test/java/org/jsoup/parser/TagTest.java,16
jsoup,org.jsoup.parser,TokenQueueTest,0,0,22,12,120,22,0,0,-1.0,0,3,/data/henrique/multiagent_refactoring/project/data/repositories/jsoup/src/test/java/org/jsoup/parser/TokenQueueTest.java,15
jsoup,org.jsoup.parser,ParserIT,0,0,4,2,94,16,0,0,-1.0,0,3,/data/henrique/multiagent_refactoring/project/data/repositories/jsoup/src/test/java/org/jsoup/parser/ParserIT.java,14
jsoup,org.jsoup.parser,PositionTest,2,0,31,0,458,41,0,0,0.12903225806451613,0,18,/data/henrique/multiagent_refactoring/project/data/repositories/jsoup/src/test/java/org/jsoup/parser/PositionTest.java,28
jsoup,org.jsoup.parser,XmlTreeBuilderTest,0,0,52,30,452,57,0,0,-1.0,0,18,/data/henrique/multiagent_refactoring/project/data/repositories/jsoup/src/test/java/org/jsoup/parser/XmlTreeBuilderTest.java,22
jsoup,org.jsoup.parser,HtmlParserTest,0,0,213,161,1689,225,0,0,-1.0,0,22,/data/henrique/multiagent_refactoring/project/data/repositories/jsoup/src/test/java/org/jsoup/parser/HtmlParserTest.java,26
jsoup,org.jsoup.parser,HtmlParserTest.DeepHtmlTrees,0,0,0,0,72,0,0,0,-1.0,0,0,/data/henrique/multiagent_refactoring/project/data/repositories/jsoup/src/test/java/org/jsoup/parser/HtmlParserTest.java,2211
jsoup,org.jsoup.parser,HtmlTreeBuilderStateTest,0,0,6,4,50,12,0,0,-1.0,1,3,/data/henrique/multiagent_refactoring/project/data/repositories/jsoup/src/test/java/org/jsoup/parser/HtmlTreeBuilderStateTest.java,17
jsoup,org.jsoup.parser,HtmlTreeBuilderTest,0,0,6,3,66,8,0,0,-1.0,0,8,/data/henrique/multiagent_refactoring/project/data/repositories/jsoup/src/test/java/org/jsoup/parser/HtmlTreeBuilderTest.java,18
jsoup,org.jsoup.parser,ParserSettingsTest,0,0,3,3,31,3,0,0,-1.0,0,2,/data/henrique/multiagent_refactoring/project/data/repositories/jsoup/src/test/java/org/jsoup/parser/ParserSettingsTest.java,10
jsoup,org.jsoup.parser,TokeniserTest,0,0,13,12,178,24,0,0,-1.0,0,12,/data/henrique/multiagent_refactoring/project/data/repositories/jsoup/src/test/java/org/jsoup/parser/TokeniserTest.java,14
jsoup,org.jsoup.parser,TokeniserStateTest,2,0,21,19,193,33,0,0,0.8095238095238095,0,13,/data/henrique/multiagent_refactoring/project/data/repositories/jsoup/src/test/java/org/jsoup/parser/TokeniserStateTest.java,17
jsoup,org.jsoup.parser,TagSetTest,0,0,10,0,142,15,0,0,-1.0,0,7,/data/henrique/multiagent_refactoring/project/data/repositories/jsoup/src/test/java/org/jsoup/parser/TagSetTest.java,10
jsoup,org.jsoup.parser,ParserTest,0,0,6,6,61,7,0,0,-1.0,0,4,/data/henrique/multiagent_refactoring/project/data/repositories/jsoup/src/test/java/org/jsoup/parser/ParserTest.java,17
jsoup,org.jsoup.parser,AttributeParseTest,0,0,8,8,69,8,0,0,-1.0,0,6,/data/henrique/multiagent_refactoring/project/data/repositories/jsoup/src/test/java/org/jsoup/parser/AttributeParseTest.java,15
jsoup,org.jsoup.parser,StreamParserTest,0,0,29,0,321,42,0,0,-1.0,0,12,/data/henrique/multiagent_refactoring/project/data/repositories/jsoup/src/test/java/org/jsoup/parser/StreamParserTest.java,29
jsoup,org.jsoup.parser,CharacterReaderTest,1,1,35,33,444,48,0,0,0.9142857142857143,0,3,/data/henrique/multiagent_refactoring/project/data/repositories/jsoup/src/test/java/org/jsoup/parser/CharacterReaderTest.java,14
jsoup,org.jsoup.integration,SessionTest,0,0,8,4,72,8,1,0,-1.0,0,9,/data/henrique/multiagent_refactoring/project/data/repositories/jsoup/src/test/java/org/jsoup/integration/SessionTest.java,20
jsoup,org.jsoup.integration,ParseTest,0,0,12,12,104,13,0,0,-1.0,11,6,/data/henrique/multiagent_refactoring/project/data/repositories/jsoup/src/test/java/org/jsoup/integration/ParseTest.java,24
jsoup,org.jsoup.integration,FuzzFixesTest,0,0,7,2,42,7,0,0,-1.0,0,5,/data/henrique/multiagent_refactoring/project/data/repositories/jsoup/src/test/java/org/jsoup/integration/FuzzFixesTest.java,18
jsoup,org.jsoup.integration,ConnectTest,3,0,70,54,701,75,1,0,0.4857142857142857,0,14,/data/henrique/multiagent_refactoring/project/data/repositories/jsoup/src/test/java/org/jsoup/integration/ConnectTest.java,53
jsoup,org.jsoup.integration,Benchmark,0,0,3,1,29,4,0,0,-1.0,0,0,/data/henrique/multiagent_refactoring/project/data/repositories/jsoup/src/test/java/org/jsoup/integration/Benchmark.java,5
jsoup,org.jsoup.integration,SessionIT,2,0,5,4,146,18,1,0,0.4,0,6,/data/henrique/multiagent_refactoring/project/data/repositories/jsoup/src/test/java/org/jsoup/integration/SessionIT.java,19
jsoup,org.jsoup.integration,SessionIT.ThreadCatcher,2,0,0,0,13,0,0,0,-1.0,0,0,/data/henrique/multiagent_refactoring/project/data/repositories/jsoup/src/test/java/org/jsoup/integration/SessionIT.java,189
jsoup,org.jsoup.integration,FuzzFixesIT,3,0,3,0,32,7,0,0,0.6666666666666666,1,3,/data/henrique/multiagent_refactoring/project/data/repositories/jsoup/src/test/java/org/jsoup/integration/FuzzFixesIT.java,18
jsoup,org.jsoup.integration,ConnectIT,1,0,16,11,217,18,1,0,0.9375,0,9,/data/henrique/multiagent_refactoring/project/data/repositories/jsoup/src/test/java/org/jsoup/integration/ConnectIT.java,26
jsoup,org.jsoup.integration,SafelistExtensionTest,0,0,1,1,27,1,0,0,-1.0,0,3,/data/henrique/multiagent_refactoring/project/data/repositories/jsoup/src/test/java/org/jsoup/integration/SafelistExtensionTest.java,12
jsoup,org.jsoup.integration,SafelistExtensionTest.OpenSafelist,0,0,0,0,13,0,0,1,-1.0,0,0,/data/henrique/multiagent_refactoring/project/data/repositories/jsoup/src/test/java/org/jsoup/integration/SafelistExtensionTest.java,30
jsoup,org.jsoup.integration,TestServer,16,2,8,3,124,11,0,0,0.25,10,1,/data/henrique/multiagent_refactoring/project/data/repositories/jsoup/src/test/java/org/jsoup/integration/TestServer.java,39
jsoup,org.jsoup.integration,TestServer.ServletUrls,2,2,0,0,8,0,0,0,-1.0,0,0,/data/henrique/multiagent_refactoring/project/data/repositories/jsoup/src/test/java/org/jsoup/integration/TestServer.java,135
jsoup,org.jsoup.integration,TestServer.ProxySettings,3,0,0,0,5,0,0,0,-1.0,0,0,/data/henrique/multiagent_refactoring/project/data/repositories/jsoup/src/test/java/org/jsoup/integration/TestServer.java,155
jsoup,org.jsoup.integration,ProxyTest,2,0,10,1,113,13,0,0,0.4,0,11,/data/henrique/multiagent_refactoring/project/data/repositories/jsoup/src/test/java/org/jsoup/integration/ProxyTest.java,27
jsoup,org.jsoup.integration,HttpClientSessionIT,0,0,2,0,8,2,0,1,-1.0,0,1,/data/henrique/multiagent_refactoring/project/data/repositories/jsoup/src/test/java11/org/jsoup/integration/HttpClientSessionIT.java,7
jsoup,org.jsoup.integration,HttpClientSessionTest,0,0,2,0,8,2,0,1,-1.0,0,1,/data/henrique/multiagent_refactoring/project/data/repositories/jsoup/src/test/java11/org/jsoup/integration/HttpClientSessionTest.java,7
jsoup,org.jsoup.integration,HttpClientConnectIT,0,0,5,3,14,5,0,1,-1.0,0,1,/data/henrique/multiagent_refactoring/project/data/repositories/jsoup/src/test/java11/org/jsoup/integration/HttpClientConnectIT.java,8
jsoup,org.jsoup.integration,HttpClientConnectTest,0,0,2,0,8,2,0,1,-1.0,0,1,/data/henrique/multiagent_refactoring/project/data/repositories/jsoup/src/test/java11/org/jsoup/integration/HttpClientConnectTest.java,7
jsoup,org.jsoup.integration.servlets,RedirectServlet,6,5,1,0,28,4,0,1,0.0,1,0,/data/henrique/multiagent_refactoring/project/data/repositories/jsoup/src/test/java/org/jsoup/integration/servlets/RedirectServlet.java,10
jsoup,org.jsoup.integration.servlets,AuthFilter,12,6,8,7,74,13,0,0,0.375,3,0,/data/henrique/multiagent_refactoring/project/data/repositories/jsoup/src/test/java/org/jsoup/integration/servlets/AuthFilter.java,15
jsoup,org.jsoup.integration.servlets,EchoServlet,4,3,4,1,79,14,0,1,0.5,4,4,/data/henrique/multiagent_refactoring/project/data/repositories/jsoup/src/test/java/org/jsoup/integration/servlets/EchoServlet.java,23
jsoup,org.jsoup.integration.servlets,ProxyServlet,3,2,2,1,39,2,0,0,1.0,2,2,/data/henrique/multiagent_refactoring/project/data/repositories/jsoup/src/test/java/org/jsoup/integration/servlets/ProxyServlet.java,18
jsoup,org.jsoup.integration.servlets,ProxyServlet.ConnectProxy,1,0,0,0,16,0,0,0,-1.0,0,1,/data/henrique/multiagent_refactoring/project/data/repositories/jsoup/src/test/java/org/jsoup/integration/servlets/ProxyServlet.java,49
jsoup,org.jsoup.integration.servlets,SlowRider,5,4,3,1,67,11,0,1,0.6666666666666666,2,1,/data/henrique/multiagent_refactoring/project/data/repositories/jsoup/src/test/java/org/jsoup/integration/servlets/SlowRider.java,10
jsoup,org.jsoup.integration.servlets,FileServlet,6,5,3,2,40,8,0,1,1.0,7,1,/data/henrique/multiagent_refactoring/project/data/repositories/jsoup/src/test/java/org/jsoup/integration/servlets/FileServlet.java,13
jsoup,org.jsoup.integration.servlets,BaseServlet,1,0,5,0,16,5,8,0,0.0,0,0,/data/henrique/multiagent_refactoring/project/data/repositories/jsoup/src/test/java/org/jsoup/integration/servlets/BaseServlet.java,9
jsoup,org.jsoup.integration.servlets,InterruptedServlet,4,4,1,0,27,2,0,1,0.0,0,0,/data/henrique/multiagent_refactoring/project/data/repositories/jsoup/src/test/java/org/jsoup/integration/servlets/InterruptedServlet.java,10
jsoup,org.jsoup.integration.servlets,HelloServlet,2,2,1,0,15,1,0,1,0.0,1,0,/data/henrique/multiagent_refactoring/project/data/repositories/jsoup/src/test/java/org/jsoup/integration/servlets/HelloServlet.java,9
jsoup,org.jsoup.integration.servlets,CookieServlet,4,4,2,0,49,6,0,1,0.0,2,1,/data/henrique/multiagent_refactoring/project/data/repositories/jsoup/src/test/java/org/jsoup/integration/servlets/CookieServlet.java,11
jsoup,org.jsoup.integration.servlets,DeflateServlet,2,2,2,1,22,2,0,1,1.0,0,1,/data/henrique/multiagent_refactoring/project/data/repositories/jsoup/src/test/java/org/jsoup/integration/servlets/DeflateServlet.java,12
